entity,code,year,treat_success_rate:new_tb_cases,case_detection_rate
Afghanistan,AFG,2004,89.0,41.0
Afghanistan,AFG,2005,90.0,47.0
Afghanistan,AFG,2006,84.0,53.0
Afghanistan,AFG,2007,87.0,59.0
Afghanistan,AFG,2008,88.0,57.0
Afghanistan,AFG,2009,86.0,50.0
Afghanistan,AFG,2010,86.0,53.0
Afghanistan,AFG,2011,88.0,51.0
Afghanistan,AFG,2012,88.0,50.0
Afghanistan,AFG,2013,88.0,51.0
Afghanistan,AFG,2014,87.0,51.0
Afghanistan,AFG,2015,88.0,56.0
Afghanistan,AFG,2016,93.0,64.0
Afghanistan,AFG,2017,91.0,69.0
Afghanistan,AFG,2018,91.0,70.0
Afghanistan,AFG,2019,91.0,74.0
Albania,ALB,2001,91.0,86.0
Albania,ALB,2002,84.0,87.0
Albania,ALB,2003,88.0,88.0
Albania,ALB,2004,75.0,88.0
Albania,ALB,2005,81.0,89.0
Albania,ALB,2006,87.0,89.0
Albania,ALB,2007,87.0,89.0
Albania,ALB,2008,88.0,88.0
Albania,ALB,2009,86.0,88.0
Albania,ALB,2010,89.0,88.0
Albania,ALB,2011,92.0,88.0
Albania,ALB,2012,92.0,88.0
Albania,ALB,2013,88.0,87.0
Albania,ALB,2014,88.0,87.0
Albania,ALB,2015,87.0,87.0
Albania,ALB,2016,87.0,87.0
Albania,ALB,2017,87.0,87.0
Albania,ALB,2018,89.0,87.0
Albania,ALB,2019,88.0,87.0
Algeria,DZA,2000,87.0,81.0
Algeria,DZA,2001,84.0,81.0
Algeria,DZA,2002,89.0,81.0
Algeria,DZA,2003,90.0,81.0
Algeria,DZA,2004,91.0,80.0
Algeria,DZA,2005,87.0,80.0
Algeria,DZA,2006,91.0,80.0
Algeria,DZA,2007,90.0,80.0
Algeria,DZA,2008,90.0,80.0
Algeria,DZA,2009,91.0,80.0
Algeria,DZA,2010,89.0,80.0
Algeria,DZA,2011,92.0,80.0
Algeria,DZA,2012,90.0,80.0
Algeria,DZA,2013,91.0,80.0
Algeria,DZA,2014,88.0,80.0
Algeria,DZA,2015,90.0,80.0
Algeria,DZA,2017,91.0,80.0
Algeria,DZA,2018,85.0,81.0
Algeria,DZA,2019,86.0,81.0
Andorra,AND,2000,50.0,87.0
Andorra,AND,2001,100.0,87.0
Andorra,AND,2002,100.0,87.0
Andorra,AND,2003,100.0,87.0
Andorra,AND,2004,80.0,87.0
Andorra,AND,2005,89.0,87.0
Andorra,AND,2006,80.0,87.0
Andorra,AND,2007,100.0,87.0
Andorra,AND,2008,100.0,87.0
Andorra,AND,2009,88.0,87.0
Andorra,AND,2010,86.0,87.0
Andorra,AND,2011,100.0,87.0
Andorra,AND,2012,100.0,87.0
Andorra,AND,2013,60.0,87.0
Andorra,AND,2014,83.0,87.0
Andorra,AND,2015,100.0,87.0
Andorra,AND,2016,75.0,87.0
Andorra,AND,2017,100.0,87.0
Andorra,AND,2018,100.0,87.0
Andorra,AND,2019,60.0,87.0
Angola,AGO,2001,68.0,42.0
Angola,AGO,2002,74.0,53.0
Angola,AGO,2003,71.0,60.0
Angola,AGO,2004,69.0,54.0
Angola,AGO,2005,72.0,52.0
Angola,AGO,2007,74.0,52.0
Angola,AGO,2009,41.0,48.0
Angola,AGO,2010,48.0,50.0
Angola,AGO,2012,45.0,54.0
Angola,AGO,2018,50.0,60.0
Angola,AGO,2019,69.0,65.0
Angola,AGO,2015,,58.0
Antigua and Barbuda,ATG,2000,100.0,87.0
Antigua and Barbuda,ATG,2001,100.0,87.0
Antigua and Barbuda,ATG,2002,100.0,87.0
Antigua and Barbuda,ATG,2005,50.0,87.0
Antigua and Barbuda,ATG,2007,50.0,87.0
Antigua and Barbuda,ATG,2008,100.0,87.0
Antigua and Barbuda,ATG,2009,67.0,87.0
Antigua and Barbuda,ATG,2012,50.0,87.0
Antigua and Barbuda,ATG,2013,67.0,87.0
Antigua and Barbuda,ATG,2017,100.0,87.0
Antigua and Barbuda,ATG,2018,100.0,87.0
Argentina,ARG,2000,47.0,86.0
Argentina,ARG,2001,61.0,86.0
Argentina,ARG,2002,58.0,86.0
Argentina,ARG,2003,66.0,87.0
Argentina,ARG,2004,57.0,87.0
Argentina,ARG,2005,46.0,87.0
Argentina,ARG,2006,55.0,87.0
Argentina,ARG,2007,60.0,87.0
Argentina,ARG,2009,43.0,87.0
Argentina,ARG,2010,45.0,87.0
Argentina,ARG,2011,49.0,87.0
Argentina,ARG,2012,56.0,87.0
Argentina,ARG,2013,51.0,87.0
Argentina,ARG,2014,52.0,87.0
Argentina,ARG,2015,47.0,87.0
Argentina,ARG,2016,54.0,87.0
Argentina,ARG,2017,57.0,87.0
Argentina,ARG,2018,54.0,87.0
Argentina,ARG,2019,47.0,87.0
Armenia,ARM,2000,87.0,78.0
Armenia,ARM,2001,90.0,78.0
Armenia,ARM,2002,79.0,78.0
Armenia,ARM,2003,77.0,78.0
Armenia,ARM,2004,75.0,78.0
Armenia,ARM,2005,77.0,78.0
Armenia,ARM,2006,75.0,78.0
Armenia,ARM,2007,77.0,78.0
Armenia,ARM,2008,78.0,78.0
Armenia,ARM,2009,79.0,78.0
Armenia,ARM,2010,82.0,78.0
Armenia,ARM,2011,78.0,79.0
Armenia,ARM,2012,81.0,79.0
Armenia,ARM,2013,81.0,80.0
Armenia,ARM,2014,78.0,81.0
Armenia,ARM,2015,79.0,81.0
Armenia,ARM,2016,81.0,82.0
Armenia,ARM,2017,79.0,83.0
Armenia,ARM,2018,81.0,83.0
Armenia,ARM,2019,82.0,84.0
Australia,AUS,2000,72.0,87.0
Australia,AUS,2001,70.0,87.0
Australia,AUS,2002,78.0,87.0
Australia,AUS,2003,80.0,87.0
Australia,AUS,2004,91.0,87.0
Australia,AUS,2005,85.0,87.0
Australia,AUS,2006,85.0,87.0
Australia,AUS,2007,85.0,87.0
Australia,AUS,2008,81.0,87.0
Australia,AUS,2009,80.0,87.0
Australia,AUS,2010,82.0,87.0
Australia,AUS,2011,78.0,87.0
Australia,AUS,2012,82.0,87.0
Australia,AUS,2013,85.0,87.0
Australia,AUS,2014,79.0,87.0
Australia,AUS,2015,73.0,87.0
Australia,AUS,2016,78.0,87.0
Australia,AUS,2017,82.0,87.0
Australia,AUS,2018,79.0,87.0
Australia,AUS,2019,86.0,87.0
Austria,AUT,2000,73.0,87.0
Austria,AUT,2001,64.0,87.0
Austria,AUT,2002,78.0,87.0
Austria,AUT,2003,68.0,87.0
Austria,AUT,2004,70.0,87.0
Austria,AUT,2005,71.0,87.0
Austria,AUT,2006,71.0,87.0
Austria,AUT,2009,70.0,87.0
Austria,AUT,2010,75.0,87.0
Austria,AUT,2011,72.0,87.0
Austria,AUT,2012,69.0,87.0
Austria,AUT,2013,72.0,87.0
Austria,AUT,2014,74.0,87.0
Austria,AUT,2015,73.0,87.0
Austria,AUT,2016,75.0,87.0
Austria,AUT,2017,69.0,87.0
Austria,AUT,2018,73.0,87.0
Austria,AUT,2019,74.0,87.0
Austria,AUT,2007,,87.0
Azerbaijan,AZE,2000,90.0,79.0
Azerbaijan,AZE,2001,77.0,79.0
Azerbaijan,AZE,2002,83.0,79.0
Azerbaijan,AZE,2003,70.0,79.0
Azerbaijan,AZE,2004,66.0,79.0
Azerbaijan,AZE,2005,59.0,79.0
Azerbaijan,AZE,2006,60.0,79.0
Azerbaijan,AZE,2007,58.0,79.0
Azerbaijan,AZE,2008,56.0,78.0
Azerbaijan,AZE,2009,66.0,78.0
Azerbaijan,AZE,2010,73.0,78.0
Azerbaijan,AZE,2011,78.0,78.0
Azerbaijan,AZE,2012,83.0,78.0
Azerbaijan,AZE,2013,82.0,78.0
Azerbaijan,AZE,2014,83.0,78.0
Azerbaijan,AZE,2015,83.0,78.0
Azerbaijan,AZE,2016,84.0,78.0
Azerbaijan,AZE,2017,84.0,78.0
Azerbaijan,AZE,2018,84.0,78.0
Azerbaijan,AZE,2019,84.0,79.0
Bahamas,BHS,2002,59.0,87.0
Bahamas,BHS,2003,62.0,87.0
Bahamas,BHS,2004,62.0,87.0
Bahamas,BHS,2005,52.0,87.0
Bahamas,BHS,2006,74.0,87.0
Bahamas,BHS,2007,64.0,87.0
Bahamas,BHS,2008,70.0,87.0
Bahamas,BHS,2009,76.0,87.0
Bahamas,BHS,2010,69.0,87.0
Bahamas,BHS,2011,65.0,87.0
Bahamas,BHS,2012,84.0,87.0
Bahamas,BHS,2013,76.0,87.0
Bahamas,BHS,2014,84.0,87.0
Bahamas,BHS,2015,82.0,87.0
Bahamas,BHS,2016,66.0,87.0
Bahamas,BHS,2017,71.0,87.0
Bahamas,BHS,2018,72.0,87.0
Bahamas,BHS,2019,75.0,87.0
Bahrain,BHR,2000,73.0,87.0
Bahrain,BHR,2001,87.0,87.0
Bahrain,BHR,2002,88.0,87.0
Bahrain,BHR,2003,97.0,87.0
Bahrain,BHR,2004,93.0,87.0
Bahrain,BHR,2005,94.0,87.0
Bahrain,BHR,2006,97.0,87.0
Bahrain,BHR,2007,52.0,87.0
Bahrain,BHR,2008,66.0,87.0
Bahrain,BHR,2009,99.0,87.0
Bahrain,BHR,2010,96.0,87.0
Bahrain,BHR,2011,61.0,87.0
Bahrain,BHR,2012,44.0,87.0
Bahrain,BHR,2016,68.0,87.0
Bahrain,BHR,2018,47.0,87.0
Bahrain,BHR,2017,,87.0
Bangladesh,BGD,2006,91.0,46.0
Bangladesh,BGD,2007,90.0,46.0
Bangladesh,BGD,2008,91.0,47.0
Bangladesh,BGD,2009,91.0,50.0
Bangladesh,BGD,2010,91.0,47.0
Bangladesh,BGD,2011,91.0,46.0
Bangladesh,BGD,2012,92.0,50.0
Bangladesh,BGD,2013,93.0,54.0
Bangladesh,BGD,2014,93.0,55.0
Bangladesh,BGD,2015,93.0,59.0
Bangladesh,BGD,2016,94.0,63.0
Bangladesh,BGD,2017,94.0,68.0
Bangladesh,BGD,2018,94.0,74.0
Bangladesh,BGD,2019,95.0,80.0
Barbados,BRB,2006,100.0,87.0
Barbados,BRB,2007,100.0,87.0
Barbados,BRB,2008,100.0,87.0
Barbados,BRB,2009,100.0,87.0
Barbados,BRB,2010,100.0,87.0
Barbados,BRB,2012,100.0,87.0
Barbados,BRB,2013,100.0,87.0
Barbados,BRB,2014,100.0,87.0
Barbados,BRB,2016,100.0,87.0
Belarus,BLR,2003,73.0,77.0
Belarus,BLR,2004,74.0,77.0
Belarus,BLR,2005,93.0,77.0
Belarus,BLR,2006,80.0,77.0
Belarus,BLR,2007,82.0,77.0
Belarus,BLR,2008,80.0,77.0
Belarus,BLR,2009,77.0,77.0
Belarus,BLR,2010,78.0,77.0
Belarus,BLR,2011,71.0,78.0
Belarus,BLR,2012,85.0,78.0
Belarus,BLR,2013,87.0,78.0
Belarus,BLR,2014,88.0,78.0
Belarus,BLR,2015,89.0,78.0
Belarus,BLR,2016,89.0,78.0
Belarus,BLR,2017,89.0,78.0
Belarus,BLR,2018,88.0,78.0
Belarus,BLR,2019,89.0,78.0
Belgium,BEL,2000,66.0,87.0
Belgium,BEL,2001,64.0,87.0
Belgium,BEL,2002,69.0,87.0
Belgium,BEL,2003,73.0,87.0
Belgium,BEL,2004,60.0,87.0
Belgium,BEL,2005,58.0,87.0
Belgium,BEL,2006,61.0,87.0
Belgium,BEL,2007,68.0,87.0
Belgium,BEL,2008,45.0,87.0
Belgium,BEL,2009,78.0,87.0
Belgium,BEL,2010,78.0,87.0
Belgium,BEL,2011,80.0,87.0
Belgium,BEL,2012,77.0,87.0
Belgium,BEL,2013,79.0,87.0
Belgium,BEL,2014,81.0,87.0
Belgium,BEL,2015,79.0,87.0
Belgium,BEL,2016,82.0,87.0
Belgium,BEL,2017,79.0,87.0
Belgium,BEL,2018,82.0,87.0
Belgium,BEL,2019,81.0,87.0
Belize,BLZ,2000,78.0,89.0
Belize,BLZ,2001,66.0,89.0
Belize,BLZ,2002,85.0,89.0
Belize,BLZ,2003,89.0,89.0
Belize,BLZ,2004,52.0,88.0
Belize,BLZ,2005,70.0,88.0
Belize,BLZ,2007,46.0,88.0
Belize,BLZ,2008,83.0,87.0
Belize,BLZ,2012,55.0,87.0
Belize,BLZ,2015,67.0,87.0
Belize,BLZ,2016,62.0,87.0
Belize,BLZ,2017,71.0,87.0
Belize,BLZ,2018,67.0,87.0
Belize,BLZ,2019,66.0,87.0
Belize,BLZ,2009,,87.0
Benin,BEN,2000,78.0,45.0
Benin,BEN,2001,79.0,44.0
Benin,BEN,2002,80.0,48.0
Benin,BEN,2003,81.0,50.0
Benin,BEN,2004,83.0,53.0
Benin,BEN,2005,87.0,55.0
Benin,BEN,2006,86.0,60.0
Benin,BEN,2007,86.0,60.0
Benin,BEN,2008,87.0,63.0
Benin,BEN,2009,88.0,61.0
Benin,BEN,2010,90.0,58.0
Benin,BEN,2011,89.0,64.0
Benin,BEN,2012,90.0,60.0
Benin,BEN,2013,89.0,59.0
Benin,BEN,2014,89.0,60.0
Benin,BEN,2015,88.0,61.0
Benin,BEN,2016,88.0,59.0
Benin,BEN,2017,87.0,53.0
Benin,BEN,2018,87.0,59.0
Benin,BEN,2019,89.0,63.0
Bhutan,BTN,2000,90.0,80.0
Bhutan,BTN,2001,93.0,80.0
Bhutan,BTN,2002,86.0,80.0
Bhutan,BTN,2003,90.0,80.0
Bhutan,BTN,2004,82.0,80.0
Bhutan,BTN,2005,82.0,80.0
Bhutan,BTN,2006,86.0,80.0
Bhutan,BTN,2007,91.0,80.0
Bhutan,BTN,2008,91.0,80.0
Bhutan,BTN,2009,92.0,80.0
Bhutan,BTN,2010,91.0,80.0
Bhutan,BTN,2011,91.0,80.0
Bhutan,BTN,2012,92.0,80.0
Bhutan,BTN,2013,91.0,80.0
Bhutan,BTN,2014,90.0,80.0
Bhutan,BTN,2015,92.0,80.0
Bhutan,BTN,2016,95.0,80.0
Bhutan,BTN,2017,93.0,80.0
Bhutan,BTN,2018,95.0,80.0
Bhutan,BTN,2019,94.0,80.0
Bolivia,BOL,2000,79.0,64.0
Bolivia,BOL,2001,82.0,67.0
Bolivia,BOL,2002,84.0,66.0
Bolivia,BOL,2003,81.0,65.0
Bolivia,BOL,2004,74.0,65.0
Bolivia,BOL,2005,75.0,66.0
Bolivia,BOL,2006,75.0,62.0
Bolivia,BOL,2007,80.0,59.0
Bolivia,BOL,2008,81.0,64.0
Bolivia,BOL,2009,85.0,63.0
Bolivia,BOL,2010,85.0,61.0
Bolivia,BOL,2011,82.0,63.0
Bolivia,BOL,2012,84.0,62.0
Bolivia,BOL,2013,85.0,63.0
Bolivia,BOL,2014,83.0,62.0
Bolivia,BOL,2015,84.0,60.0
Bolivia,BOL,2016,87.0,60.0
Bolivia,BOL,2017,83.0,60.0
Bolivia,BOL,2018,81.0,60.0
Bolivia,BOL,2019,83.0,60.0
Bosnia and Herzegovina,BIH,2000,94.0,72.0
Bosnia and Herzegovina,BIH,2001,98.0,72.0
Bosnia and Herzegovina,BIH,2002,95.0,72.0
Bosnia and Herzegovina,BIH,2003,94.0,72.0
Bosnia and Herzegovina,BIH,2004,98.0,73.0
Bosnia and Herzegovina,BIH,2005,97.0,74.0
Bosnia and Herzegovina,BIH,2006,97.0,74.0
Bosnia and Herzegovina,BIH,2007,97.0,75.0
Bosnia and Herzegovina,BIH,2008,92.0,76.0
Bosnia and Herzegovina,BIH,2009,96.0,77.0
Bosnia and Herzegovina,BIH,2010,98.0,78.0
Bosnia and Herzegovina,BIH,2011,72.0,78.0
Bosnia and Herzegovina,BIH,2012,84.0,78.0
Bosnia and Herzegovina,BIH,2013,82.0,78.0
Bosnia and Herzegovina,BIH,2014,77.0,78.0
Bosnia and Herzegovina,BIH,2015,65.0,78.0
Bosnia and Herzegovina,BIH,2016,56.0,78.0
Bosnia and Herzegovina,BIH,2017,45.0,78.0
Botswana,BWA,2000,77.0,59.0
Botswana,BWA,2001,78.0,61.0
Botswana,BWA,2002,71.0,66.0
Botswana,BWA,2003,77.0,66.0
Botswana,BWA,2004,65.0,71.0
Botswana,BWA,2005,70.0,73.0
Botswana,BWA,2006,72.0,65.0
Botswana,BWA,2007,64.0,63.0
Botswana,BWA,2008,58.0,74.0
Botswana,BWA,2009,76.0,73.0
Botswana,BWA,2010,78.0,65.0
Botswana,BWA,2011,76.0,64.0
Botswana,BWA,2012,76.0,71.0
Botswana,BWA,2013,73.0,75.0
Botswana,BWA,2014,77.0,69.0
Botswana,BWA,2015,79.0,61.0
Botswana,BWA,2016,79.0,71.0
Botswana,BWA,2017,78.0,73.0
Botswana,BWA,2018,82.0,69.0
Botswana,BWA,2019,72.0,49.0
Brazil,BRA,2000,71.0,86.0
Brazil,BRA,2001,55.0,86.0
Brazil,BRA,2002,80.0,87.0
Brazil,BRA,2003,77.0,87.0
Brazil,BRA,2004,72.0,87.0
Brazil,BRA,2005,72.0,87.0
Brazil,BRA,2006,69.0,87.0
Brazil,BRA,2007,72.0,87.0
Brazil,BRA,2008,69.0,87.0
Brazil,BRA,2009,70.0,87.0
Brazil,BRA,2010,72.0,87.0
Brazil,BRA,2011,73.0,87.0
Brazil,BRA,2012,72.0,87.0
Brazil,BRA,2013,72.0,87.0
Brazil,BRA,2014,71.0,87.0
Brazil,BRA,2015,71.0,87.0
Brazil,BRA,2016,72.0,87.0
Brazil,BRA,2017,71.0,87.0
Brazil,BRA,2018,71.0,89.0
Brazil,BRA,2019,69.0,89.0
Brunei,BRN,2000,63.0,87.0
Brunei,BRN,2001,56.0,87.0
Brunei,BRN,2002,84.0,87.0
Brunei,BRN,2003,60.0,87.0
Brunei,BRN,2004,72.0,87.0
Brunei,BRN,2005,71.0,87.0
Brunei,BRN,2006,83.0,87.0
Brunei,BRN,2007,77.0,87.0
Brunei,BRN,2008,84.0,87.0
Brunei,BRN,2009,62.0,87.0
Brunei,BRN,2010,78.0,87.0
Brunei,BRN,2011,66.0,87.0
Brunei,BRN,2012,71.0,87.0
Brunei,BRN,2013,73.0,87.0
Brunei,BRN,2014,65.0,87.0
Brunei,BRN,2015,74.0,87.0
Brunei,BRN,2016,72.0,87.0
Brunei,BRN,2017,75.0,87.0
Brunei,BRN,2018,77.0,87.0
Brunei,BRN,2019,75.0,87.0
Bulgaria,BGR,2001,87.0,79.0
Bulgaria,BGR,2002,84.0,79.0
Bulgaria,BGR,2003,91.0,79.0
Bulgaria,BGR,2004,85.0,79.0
Bulgaria,BGR,2005,88.0,79.0
Bulgaria,BGR,2006,85.0,79.0
Bulgaria,BGR,2007,82.0,79.0
Bulgaria,BGR,2008,85.0,78.0
Bulgaria,BGR,2009,87.0,78.0
Bulgaria,BGR,2010,87.0,78.0
Bulgaria,BGR,2011,86.0,78.0
Bulgaria,BGR,2012,87.0,78.0
Bulgaria,BGR,2013,85.0,78.0
Bulgaria,BGR,2014,86.0,79.0
Bulgaria,BGR,2015,84.0,79.0
Bulgaria,BGR,2016,85.0,79.0
Bulgaria,BGR,2017,84.0,79.0
Bulgaria,BGR,2018,86.0,79.0
Bulgaria,BGR,2019,82.0,89.0
Burkina Faso,BFA,2006,72.0,43.0
Burkina Faso,BFA,2007,73.0,43.0
Burkina Faso,BFA,2008,76.0,46.0
Burkina Faso,BFA,2009,77.0,51.0
Burkina Faso,BFA,2010,78.0,51.0
Burkina Faso,BFA,2011,77.0,56.0
Burkina Faso,BFA,2012,80.0,55.0
Burkina Faso,BFA,2013,80.0,56.0
Burkina Faso,BFA,2014,81.0,57.0
Burkina Faso,BFA,2015,78.0,58.0
Burkina Faso,BFA,2016,80.0,58.0
Burkina Faso,BFA,2017,80.0,57.0
Burkina Faso,BFA,2018,80.0,61.0
Burkina Faso,BFA,2019,81.0,50.0
Burundi,BDI,2003,79.0,43.0
Burundi,BDI,2004,73.0,46.0
Burundi,BDI,2005,71.0,46.0
Burundi,BDI,2006,78.0,44.0
Burundi,BDI,2007,80.0,47.0
Burundi,BDI,2008,82.0,51.0
Burundi,BDI,2009,86.0,55.0
Burundi,BDI,2010,88.0,58.0
Burundi,BDI,2011,89.0,52.0
Burundi,BDI,2012,89.0,53.0
Burundi,BDI,2013,91.0,57.0
Burundi,BDI,2014,91.0,55.0
Burundi,BDI,2015,92.0,53.0
Burundi,BDI,2016,92.0,59.0
Burundi,BDI,2017,93.0,61.0
Burundi,BDI,2018,94.0,57.0
Burundi,BDI,2019,94.0,53.0
Cambodia,KHM,2003,93.0,41.0
Cambodia,KHM,2004,91.0,45.0
Cambodia,KHM,2005,91.0,53.0
Cambodia,KHM,2006,92.0,52.0
Cambodia,KHM,2007,93.0,54.0
Cambodia,KHM,2008,94.0,60.0
Cambodia,KHM,2009,94.0,61.0
Cambodia,KHM,2010,89.0,64.0
Cambodia,KHM,2011,94.0,62.0
Cambodia,KHM,2012,94.0,66.0
Cambodia,KHM,2013,93.0,63.0
Cambodia,KHM,2014,93.0,74.0
Cambodia,KHM,2015,94.0,62.0
Cambodia,KHM,2016,94.0,62.0
Cambodia,KHM,2017,94.0,66.0
Cambodia,KHM,2018,94.0,58.0
Cambodia,KHM,2019,96.0,64.0
Cameroon,CMR,2006,74.0,44.0
Cameroon,CMR,2007,74.0,45.0
Cameroon,CMR,2008,75.0,47.0
Cameroon,CMR,2009,77.0,47.0
Cameroon,CMR,2010,78.0,47.0
Cameroon,CMR,2011,79.0,48.0
Cameroon,CMR,2012,79.0,49.0
Cameroon,CMR,2013,82.0,51.0
Cameroon,CMR,2014,84.0,53.0
Cameroon,CMR,2015,84.0,54.0
Cameroon,CMR,2016,84.0,53.0
Cameroon,CMR,2017,84.0,52.0
Cameroon,CMR,2018,84.0,50.0
Cameroon,CMR,2019,86.0,53.0
Canada,CAN,2001,42.0,87.0
Canada,CAN,2003,45.0,87.0
Canada,CAN,2004,61.0,87.0
Canada,CAN,2005,70.0,87.0
Canada,CAN,2006,60.0,87.0
Canada,CAN,2007,67.0,87.0
Canada,CAN,2008,79.0,87.0
Canada,CAN,2009,77.0,87.0
Canada,CAN,2010,78.0,87.0
Canada,CAN,2011,66.0,87.0
Canada,CAN,2012,79.0,87.0
Canada,CAN,2013,82.0,87.0
Canada,CAN,2014,82.0,87.0
Canada,CAN,2015,84.0,87.0
Canada,CAN,2016,78.0,87.0
Canada,CAN,2017,80.0,87.0
Canada,CAN,2018,78.0,87.0
Canada,CAN,2019,79.0,87.0
Cape Verde,CPV,2001,42.0,75.0
Cape Verde,CPV,2002,53.0,75.0
Cape Verde,CPV,2003,72.0,75.0
Cape Verde,CPV,2004,71.0,75.0
Cape Verde,CPV,2005,64.0,75.0
Cape Verde,CPV,2006,79.0,75.0
Cape Verde,CPV,2008,75.0,75.0
Cape Verde,CPV,2011,64.0,76.0
Cape Verde,CPV,2012,86.0,76.0
Cape Verde,CPV,2013,88.0,76.0
Cape Verde,CPV,2014,92.0,76.0
Cape Verde,CPV,2015,89.0,76.0
Cape Verde,CPV,2016,87.0,76.0
Cape Verde,CPV,2017,91.0,76.0
Cape Verde,CPV,2018,90.0,76.0
Cape Verde,CPV,2019,89.0,76.0
Central African Republic,CAF,2019,81.0,43.0
Chad,TCD,2009,72.0,49.0
Chad,TCD,2010,54.0,54.0
Chad,TCD,2011,68.0,58.0
Chad,TCD,2012,69.0,57.0
Chad,TCD,2013,74.0,58.0
Chad,TCD,2014,68.0,60.0
Chad,TCD,2015,77.0,56.0
Chad,TCD,2016,74.0,51.0
Chad,TCD,2017,79.0,55.0
Chad,TCD,2018,78.0,59.0
Chad,TCD,2019,80.0,60.0
Chile,CHL,2000,82.0,87.0
Chile,CHL,2001,83.0,87.0
Chile,CHL,2002,86.0,87.0
Chile,CHL,2003,85.0,87.0
Chile,CHL,2004,83.0,87.0
Chile,CHL,2005,83.0,87.0
Chile,CHL,2006,85.0,87.0
Chile,CHL,2007,85.0,87.0
Chile,CHL,2008,72.0,87.0
Chile,CHL,2009,72.0,87.0
Chile,CHL,2010,71.0,87.0
Chile,CHL,2011,71.0,87.0
Chile,CHL,2012,44.0,87.0
Chile,CHL,2013,47.0,87.0
Chile,CHL,2014,58.0,87.0
Chile,CHL,2015,62.0,87.0
Chile,CHL,2016,79.0,87.0
Chile,CHL,2017,78.0,87.0
Chile,CHL,2018,73.0,87.0
Chile,CHL,2019,74.0,87.0
China,CHN,2003,93.0,49.0
China,CHN,2004,92.0,66.0
China,CHN,2005,92.0,76.0
China,CHN,2006,92.0,82.0
China,CHN,2007,93.0,87.0
China,CHN,2008,93.0,89.0
China,CHN,2009,94.0,89.0
China,CHN,2010,95.0,89.0
China,CHN,2011,95.0,89.0
China,CHN,2012,95.0,89.0
China,CHN,2013,95.0,89.0
China,CHN,2014,94.0,88.0
China,CHN,2015,94.0,88.0
China,CHN,2016,93.0,88.0
China,CHN,2017,93.0,88.0
China,CHN,2018,94.0,92.0
China,CHN,2019,94.0,88.0
Colombia,COL,2000,80.0,81.0
Colombia,COL,2001,71.0,81.0
Colombia,COL,2002,73.0,81.0
Colombia,COL,2003,80.0,81.0
Colombia,COL,2004,80.0,81.0
Colombia,COL,2005,71.0,81.0
Colombia,COL,2006,71.0,81.0
Colombia,COL,2007,77.0,81.0
Colombia,COL,2008,56.0,81.0
Colombia,COL,2009,75.0,81.0
Colombia,COL,2010,74.0,81.0
Colombia,COL,2011,73.0,81.0
Colombia,COL,2012,72.0,81.0
Colombia,COL,2013,71.0,80.0
Colombia,COL,2014,76.0,80.0
Colombia,COL,2015,75.0,81.0
Colombia,COL,2016,61.0,81.0
Colombia,COL,2017,73.0,81.0
Colombia,COL,2018,74.0,81.0
Colombia,COL,2019,75.0,80.0
Comoros,COM,2000,93.0,57.0
Comoros,COM,2001,92.0,66.0
Comoros,COM,2002,96.0,53.0
Comoros,COM,2004,94.0,42.0
Comoros,COM,2005,94.0,52.0
Comoros,COM,2008,89.0,62.0
Comoros,COM,2012,87.0,51.0
Comoros,COM,2013,94.0,50.0
Comoros,COM,2016,89.0,63.0
Comoros,COM,2017,94.0,48.0
Congo,COG,2000,69.0,83.0
Congo,COG,2001,66.0,79.0
Congo,COG,2002,71.0,75.0
Congo,COG,2003,69.0,55.0
Congo,COG,2004,63.0,65.0
Congo,COG,2006,53.0,53.0
Congo,COG,2008,76.0,54.0
Congo,COG,2009,78.0,58.0
Congo,COG,2010,77.0,59.0
Congo,COG,2011,71.0,63.0
Congo,COG,2012,70.0,63.0
Congo,COG,2014,69.0,53.0
Congo,COG,2015,71.0,52.0
Congo,COG,2016,77.0,53.0
Congo,COG,2017,66.0,50.0
Congo,COG,2018,62.0,52.0
Congo,COG,2019,72.0,57.0
Cook Islands,COK,2002,100.0,110.0
Cook Islands,COK,2005,100.0,110.0
Cook Islands,COK,2008,50.0,100.0
Cook Islands,COK,2013,50.0,87.0
Cook Islands,COK,2016,100.0,87.0
Cook Islands,COK,2019,100.0,45.0
Costa Rica,CRI,2000,57.0,80.0
Costa Rica,CRI,2001,64.0,80.0
Costa Rica,CRI,2002,79.0,80.0
Costa Rica,CRI,2003,91.0,80.0
Costa Rica,CRI,2005,90.0,79.0
Costa Rica,CRI,2006,86.0,79.0
Costa Rica,CRI,2007,86.0,79.0
Costa Rica,CRI,2008,89.0,79.0
Costa Rica,CRI,2009,57.0,79.0
Costa Rica,CRI,2010,88.0,79.0
Costa Rica,CRI,2011,88.0,79.0
Costa Rica,CRI,2012,86.0,79.0
Costa Rica,CRI,2013,88.0,79.0
Costa Rica,CRI,2014,89.0,79.0
Costa Rica,CRI,2015,85.0,79.0
Costa Rica,CRI,2016,84.0,79.0
Costa Rica,CRI,2017,92.0,79.0
Costa Rica,CRI,2018,88.0,79.0
Cote d'Ivoire,CIV,2006,73.0,43.0
Cote d'Ivoire,CIV,2007,71.0,50.0
Cote d'Ivoire,CIV,2008,75.0,53.0
Cote d'Ivoire,CIV,2009,77.0,53.0
Cote d'Ivoire,CIV,2010,75.0,55.0
Cote d'Ivoire,CIV,2011,76.0,56.0
Cote d'Ivoire,CIV,2012,79.0,61.0
Cote d'Ivoire,CIV,2013,80.0,65.0
Cote d'Ivoire,CIV,2014,79.0,62.0
Cote d'Ivoire,CIV,2015,80.0,60.0
Cote d'Ivoire,CIV,2016,82.0,58.0
Cote d'Ivoire,CIV,2017,83.0,57.0
Cote d'Ivoire,CIV,2018,84.0,58.0
Cote d'Ivoire,CIV,2019,84.0,59.0
Croatia,HRV,2002,70.0,87.0
Croatia,HRV,2007,61.0,87.0
Croatia,HRV,2008,58.0,87.0
Croatia,HRV,2009,63.0,87.0
Croatia,HRV,2010,76.0,87.0
Croatia,HRV,2013,44.0,87.0
Croatia,HRV,2014,71.0,87.0
Croatia,HRV,2016,58.0,87.0
Croatia,HRV,2017,66.0,87.0
Cuba,CUB,2000,93.0,87.0
Cuba,CUB,2001,93.0,87.0
Cuba,CUB,2002,92.0,87.0
Cuba,CUB,2003,93.0,87.0
Cuba,CUB,2004,92.0,87.0
Cuba,CUB,2005,90.0,87.0
Cuba,CUB,2006,90.0,87.0
Cuba,CUB,2007,91.0,87.0
Cuba,CUB,2008,88.0,87.0
Cuba,CUB,2009,90.0,87.0
Cuba,CUB,2010,90.0,86.0
Cuba,CUB,2011,88.0,86.0
Cuba,CUB,2012,85.0,87.0
Cuba,CUB,2013,84.0,87.0
Cuba,CUB,2014,82.0,87.0
Cuba,CUB,2015,83.0,87.0
Cuba,CUB,2016,84.0,87.0
Cuba,CUB,2017,82.0,87.0
Cuba,CUB,2018,82.0,87.0
Cuba,CUB,2019,82.0,87.0
Cyprus,CYP,2001,92.0,87.0
Cyprus,CYP,2002,75.0,87.0
Cyprus,CYP,2003,79.0,87.0
Cyprus,CYP,2005,64.0,87.0
Cyprus,CYP,2006,74.0,87.0
Cyprus,CYP,2008,50.0,87.0
Cyprus,CYP,2011,64.0,87.0
Cyprus,CYP,2012,43.0,87.0
Cyprus,CYP,2013,50.0,87.0
Cyprus,CYP,2014,59.0,87.0
Cyprus,CYP,2015,56.0,87.0
Cyprus,CYP,2016,66.0,87.0
Cyprus,CYP,2017,67.0,87.0
Cyprus,CYP,2018,59.0,87.0
Czechia,CZE,2000,70.0,87.0
Czechia,CZE,2001,73.0,87.0
Czechia,CZE,2002,73.0,87.0
Czechia,CZE,2003,79.0,87.0
Czechia,CZE,2004,73.0,87.0
Czechia,CZE,2005,74.0,87.0
Czechia,CZE,2006,72.0,87.0
Czechia,CZE,2007,73.0,87.0
Czechia,CZE,2008,70.0,87.0
Czechia,CZE,2009,70.0,87.0
Czechia,CZE,2010,73.0,87.0
Czechia,CZE,2011,70.0,87.0
Czechia,CZE,2012,75.0,87.0
Czechia,CZE,2013,69.0,87.0
Czechia,CZE,2014,76.0,87.0
Czechia,CZE,2015,69.0,87.0
Czechia,CZE,2016,69.0,87.0
Czechia,CZE,2017,69.0,87.0
Czechia,CZE,2018,67.0,87.0
Czechia,CZE,2019,74.0,87.0
Democratic Republic of Congo,COD,2001,77.0,41.0
Democratic Republic of Congo,COD,2002,78.0,42.0
Democratic Republic of Congo,COD,2003,83.0,46.0
Democratic Republic of Congo,COD,2004,85.0,52.0
Democratic Republic of Congo,COD,2005,85.0,53.0
Democratic Republic of Congo,COD,2006,60.0,50.0
Democratic Republic of Congo,COD,2007,86.0,51.0
Democratic Republic of Congo,COD,2008,86.0,52.0
Democratic Republic of Congo,COD,2009,88.0,53.0
Democratic Republic of Congo,COD,2010,89.0,53.0
Democratic Republic of Congo,COD,2011,87.0,49.0
Democratic Republic of Congo,COD,2012,88.0,47.0
Democratic Republic of Congo,COD,2013,87.0,47.0
Democratic Republic of Congo,COD,2014,89.0,47.0
Democratic Republic of Congo,COD,2015,89.0,47.0
Democratic Republic of Congo,COD,2016,89.0,50.0
Democratic Republic of Congo,COD,2017,90.0,55.0
Democratic Republic of Congo,COD,2018,93.0,61.0
Democratic Republic of Congo,COD,2019,92.0,62.0
Denmark,DNK,2000,86.0,87.0
Denmark,DNK,2001,88.0,87.0
Denmark,DNK,2002,77.0,87.0
Denmark,DNK,2003,84.0,87.0
Denmark,DNK,2004,86.0,87.0
Denmark,DNK,2005,85.0,87.0
Denmark,DNK,2006,71.0,87.0
Denmark,DNK,2007,79.0,87.0
Denmark,DNK,2008,78.0,87.0
Denmark,DNK,2009,74.0,87.0
Denmark,DNK,2010,74.0,87.0
Denmark,DNK,2011,62.0,87.0
Denmark,DNK,2012,64.0,87.0
Denmark,DNK,2013,59.0,87.0
Denmark,DNK,2014,52.0,87.0
Denmark,DNK,2015,50.0,87.0
Denmark,DNK,2019,45.0,87.0
Djibouti,DJI,2000,62.0,80.0
Djibouti,DJI,2002,82.0,80.0
Djibouti,DJI,2003,73.0,80.0
Djibouti,DJI,2004,78.0,80.0
Djibouti,DJI,2005,80.0,80.0
Djibouti,DJI,2006,80.0,80.0
Djibouti,DJI,2007,81.0,80.0
Djibouti,DJI,2008,84.0,80.0
Djibouti,DJI,2009,79.0,80.0
Djibouti,DJI,2010,80.0,80.0
Djibouti,DJI,2011,82.0,80.0
Djibouti,DJI,2013,75.0,80.0
Djibouti,DJI,2014,81.0,80.0
Djibouti,DJI,2015,85.0,80.0
Djibouti,DJI,2016,86.0,80.0
Djibouti,DJI,2017,85.0,80.0
Djibouti,DJI,2018,84.0,80.0
Djibouti,DJI,2019,82.0,80.0
Dominica,DMA,2006,50.0,89.0
Dominica,DMA,2007,67.0,90.0
Dominica,DMA,2008,100.0,90.0
Dominica,DMA,2009,100.0,90.0
Dominica,DMA,2010,100.0,90.0
Dominica,DMA,2011,100.0,90.0
Dominica,DMA,2012,100.0,90.0
Dominica,DMA,2013,100.0,90.0
Dominica,DMA,2014,100.0,89.0
Dominica,DMA,2015,88.0,88.0
Dominica,DMA,2016,100.0,88.0
Dominica,DMA,2017,100.0,88.0
Dominica,DMA,2018,100.0,88.0
Dominican Republic,DOM,2000,70.0,79.0
Dominican Republic,DOM,2001,78.0,79.0
Dominican Republic,DOM,2002,77.0,79.0
Dominican Republic,DOM,2003,80.0,79.0
Dominican Republic,DOM,2004,79.0,79.0
Dominican Republic,DOM,2005,84.0,79.0
Dominican Republic,DOM,2006,78.0,79.0
Dominican Republic,DOM,2007,78.0,79.0
Dominican Republic,DOM,2008,46.0,79.0
Dominican Republic,DOM,2009,62.0,79.0
Dominican Republic,DOM,2010,80.0,79.0
Dominican Republic,DOM,2011,83.0,79.0
Dominican Republic,DOM,2012,82.0,79.0
Dominican Republic,DOM,2013,83.0,79.0
Dominican Republic,DOM,2014,83.0,79.0
Dominican Republic,DOM,2015,80.0,79.0
Dominican Republic,DOM,2016,75.0,79.0
Dominican Republic,DOM,2017,74.0,79.0
Dominican Republic,DOM,2018,76.0,79.0
Dominican Republic,DOM,2019,80.0,79.0
East Timor,TLS,2002,81.0,61.0
East Timor,TLS,2003,81.0,69.0
East Timor,TLS,2004,80.0,79.0
East Timor,TLS,2005,82.0,78.0
East Timor,TLS,2006,79.0,72.0
East Timor,TLS,2007,84.0,64.0
East Timor,TLS,2008,85.0,63.0
East Timor,TLS,2011,91.0,79.0
East Timor,TLS,2012,89.0,68.0
East Timor,TLS,2013,84.0,65.0
East Timor,TLS,2014,84.0,62.0
East Timor,TLS,2015,87.0,56.0
East Timor,TLS,2016,89.0,59.0
East Timor,TLS,2017,88.0,56.0
East Timor,TLS,2018,88.0,60.0
East Timor,TLS,2019,91.0,64.0
East Timor,TLS,2009,,89.0
Ecuador,ECU,2001,71.0,80.0
Ecuador,ECU,2002,84.0,80.0
Ecuador,ECU,2003,84.0,80.0
Ecuador,ECU,2004,84.0,80.0
Ecuador,ECU,2005,82.0,80.0
Ecuador,ECU,2006,57.0,80.0
Ecuador,ECU,2007,73.0,80.0
Ecuador,ECU,2008,75.0,80.0
Ecuador,ECU,2009,73.0,80.0
Ecuador,ECU,2010,76.0,80.0
Ecuador,ECU,2011,73.0,80.0
Ecuador,ECU,2012,75.0,80.0
Ecuador,ECU,2013,75.0,80.0
Ecuador,ECU,2014,77.0,80.0
Ecuador,ECU,2015,77.0,80.0
Ecuador,ECU,2016,72.0,80.0
Ecuador,ECU,2017,74.0,80.0
Ecuador,ECU,2019,80.0,80.0
Egypt,EGY,2000,87.0,59.0
Egypt,EGY,2001,82.0,59.0
Egypt,EGY,2002,88.0,63.0
Egypt,EGY,2003,80.0,66.0
Egypt,EGY,2004,70.0,68.0
Egypt,EGY,2005,79.0,68.0
Egypt,EGY,2006,87.0,60.0
Egypt,EGY,2007,90.0,60.0
Egypt,EGY,2008,91.0,59.0
Egypt,EGY,2009,91.0,61.0
Egypt,EGY,2010,89.0,59.0
Egypt,EGY,2011,88.0,58.0
Egypt,EGY,2012,88.0,55.0
Egypt,EGY,2013,86.0,52.0
Egypt,EGY,2014,84.0,51.0
Egypt,EGY,2015,85.0,55.0
Egypt,EGY,2016,87.0,58.0
Egypt,EGY,2017,86.0,61.0
Egypt,EGY,2018,86.0,65.0
Egypt,EGY,2019,87.0,66.0
El Salvador,SLV,2000,79.0,80.0
El Salvador,SLV,2001,88.0,80.0
El Salvador,SLV,2002,88.0,80.0
El Salvador,SLV,2003,88.0,80.0
El Salvador,SLV,2004,90.0,80.0
El Salvador,SLV,2005,93.0,80.0
El Salvador,SLV,2006,92.0,80.0
El Salvador,SLV,2007,91.0,80.0
El Salvador,SLV,2008,92.0,80.0
El Salvador,SLV,2009,91.0,80.0
El Salvador,SLV,2010,92.0,80.0
El Salvador,SLV,2011,93.0,80.0
El Salvador,SLV,2012,93.0,80.0
El Salvador,SLV,2013,93.0,80.0
El Salvador,SLV,2014,91.0,80.0
El Salvador,SLV,2015,92.0,80.0
El Salvador,SLV,2016,90.0,80.0
El Salvador,SLV,2017,90.0,80.0
El Salvador,SLV,2018,91.0,80.0
El Salvador,SLV,2019,90.0,80.0
Eritrea,ERI,2000,76.0,160.0
Eritrea,ERI,2001,80.0,64.0
Eritrea,ERI,2002,82.0,64.0
Eritrea,ERI,2003,85.0,59.0
Eritrea,ERI,2004,85.0,60.0
Eritrea,ERI,2005,88.0,60.0
Eritrea,ERI,2006,90.0,61.0
Eritrea,ERI,2007,88.0,62.0
Eritrea,ERI,2008,84.0,62.0
Eritrea,ERI,2009,86.0,61.0
Eritrea,ERI,2010,86.0,61.0
Eritrea,ERI,2011,76.0,61.0
Eritrea,ERI,2012,87.0,61.0
Eritrea,ERI,2013,89.0,60.0
Eritrea,ERI,2014,91.0,60.0
Eritrea,ERI,2015,90.0,61.0
Eritrea,ERI,2016,91.0,61.0
Eritrea,ERI,2017,92.0,61.0
Eritrea,ERI,2018,93.0,61.0
Eritrea,ERI,2019,93.0,61.0
Estonia,EST,2000,70.0,87.0
Estonia,EST,2001,64.0,87.0
Estonia,EST,2002,67.0,87.0
Estonia,EST,2003,70.0,87.0
Estonia,EST,2004,76.0,87.0
Estonia,EST,2005,77.0,87.0
Estonia,EST,2006,71.0,87.0
Estonia,EST,2007,66.0,87.0
Estonia,EST,2008,64.0,87.0
Estonia,EST,2009,64.0,87.0
Estonia,EST,2010,66.0,87.0
Estonia,EST,2011,64.0,87.0
Estonia,EST,2012,74.0,87.0
Estonia,EST,2013,87.0,87.0
Estonia,EST,2014,84.0,87.0
Estonia,EST,2015,83.0,87.0
Estonia,EST,2016,80.0,87.0
Estonia,EST,2017,80.0,87.0
Estonia,EST,2018,83.0,87.0
Estonia,EST,2019,76.0,87.0
Eswatini,SWZ,2002,47.0,58.0
Eswatini,SWZ,2003,42.0,58.0
Eswatini,SWZ,2007,51.0,57.0
Eswatini,SWZ,2008,65.0,57.0
Eswatini,SWZ,2009,67.0,58.0
Eswatini,SWZ,2010,72.0,58.0
Eswatini,SWZ,2011,72.0,58.0
Eswatini,SWZ,2012,72.0,58.0
Eswatini,SWZ,2013,75.0,58.0
Eswatini,SWZ,2014,78.0,58.0
Eswatini,SWZ,2015,80.0,58.0
Eswatini,SWZ,2016,83.0,58.0
Eswatini,SWZ,2017,86.0,58.0
Eswatini,SWZ,2018,90.0,58.0
Eswatini,SWZ,2019,86.0,68.0
Ethiopia,ETH,2003,70.0,43.0
Ethiopia,ETH,2004,79.0,46.0
Ethiopia,ETH,2005,78.0,47.0
Ethiopia,ETH,2006,84.0,47.0
Ethiopia,ETH,2007,84.0,51.0
Ethiopia,ETH,2008,80.0,56.0
Ethiopia,ETH,2009,81.0,61.0
Ethiopia,ETH,2010,77.0,65.0
Ethiopia,ETH,2011,89.0,67.0
Ethiopia,ETH,2012,91.0,64.0
Ethiopia,ETH,2013,89.0,61.0
Ethiopia,ETH,2014,89.0,58.0
Ethiopia,ETH,2015,84.0,69.0
Ethiopia,ETH,2016,90.0,67.0
Ethiopia,ETH,2017,96.0,66.0
Ethiopia,ETH,2018,88.0,68.0
Ethiopia,ETH,2019,90.0,70.0
Fiji,FJI,2000,85.0,78.0
Fiji,FJI,2001,85.0,77.0
Fiji,FJI,2002,78.0,77.0
Fiji,FJI,2003,86.0,76.0
Fiji,FJI,2005,65.0,75.0
Fiji,FJI,2006,55.0,75.0
Fiji,FJI,2007,80.0,75.0
Fiji,FJI,2008,85.0,75.0
Fiji,FJI,2009,83.0,76.0
Fiji,FJI,2010,64.0,76.0
Fiji,FJI,2011,91.0,76.0
Fiji,FJI,2012,86.0,76.0
Fiji,FJI,2013,77.0,76.0
Fiji,FJI,2014,87.0,76.0
Fiji,FJI,2015,86.0,76.0
Fiji,FJI,2016,89.0,76.0
Fiji,FJI,2017,81.0,76.0
Fiji,FJI,2018,66.0,77.0
Finland,FIN,2007,41.0,87.0
Finland,FIN,2009,41.0,87.0
Finland,FIN,2010,47.0,87.0
Finland,FIN,2012,44.0,87.0
Finland,FIN,2013,53.0,87.0
Finland,FIN,2014,45.0,87.0
France,FRA,2016,54.0,83.0
Gabon,GAB,2008,63.0,50.0
Gabon,GAB,2011,48.0,45.0
Gabon,GAB,2012,54.0,49.0
Gabon,GAB,2013,55.0,50.0
Gabon,GAB,2014,58.0,53.0
Gabon,GAB,2015,50.0,53.0
Gabon,GAB,2016,48.0,50.0
Gabon,GAB,2018,50.0,49.0
Gabon,GAB,2019,67.0,46.0
Gambia,GMB,2001,71.0,61.0
Gambia,GMB,2002,74.0,64.0
Gambia,GMB,2003,75.0,65.0
Gambia,GMB,2004,86.0,70.0
Gambia,GMB,2005,87.0,64.0
Gambia,GMB,2006,58.0,56.0
Gambia,GMB,2007,84.0,58.0
Gambia,GMB,2008,84.0,64.0
Gambia,GMB,2009,89.0,63.0
Gambia,GMB,2010,88.0,57.0
Gambia,GMB,2011,88.0,65.0
Gambia,GMB,2012,85.0,64.0
Gambia,GMB,2013,86.0,62.0
Gambia,GMB,2014,88.0,67.0
Gambia,GMB,2015,82.0,65.0
Gambia,GMB,2016,80.0,64.0
Gambia,GMB,2017,81.0,63.0
Gambia,GMB,2018,88.0,60.0
Gambia,GMB,2019,84.0,66.0
Georgia,GEO,2000,63.0,41.0
Georgia,GEO,2002,65.0,49.0
Georgia,GEO,2003,66.0,64.0
Georgia,GEO,2004,69.0,52.0
Georgia,GEO,2005,77.0,65.0
Georgia,GEO,2006,80.0,72.0
Georgia,GEO,2007,80.0,74.0
Georgia,GEO,2008,77.0,81.0
Georgia,GEO,2009,79.0,110.0
Georgia,GEO,2010,79.0,96.0
Georgia,GEO,2011,81.0,97.0
Georgia,GEO,2012,85.0,87.0
Georgia,GEO,2013,80.0,78.0
Georgia,GEO,2014,83.0,80.0
Georgia,GEO,2015,84.0,84.0
Georgia,GEO,2016,83.0,86.0
Georgia,GEO,2017,84.0,80.0
Georgia,GEO,2018,84.0,77.0
Georgia,GEO,2019,85.0,78.0
Germany,DEU,2000,77.0,91.0
Germany,DEU,2001,67.0,91.0
Germany,DEU,2002,69.0,91.0
Germany,DEU,2003,71.0,91.0
Germany,DEU,2004,71.0,91.0
Germany,DEU,2005,73.0,91.0
Germany,DEU,2006,44.0,91.0
Germany,DEU,2007,77.0,91.0
Germany,DEU,2008,78.0,91.0
Germany,DEU,2009,76.0,91.0
Germany,DEU,2010,76.0,91.0
Germany,DEU,2011,73.0,91.0
Germany,DEU,2012,74.0,91.0
Germany,DEU,2013,67.0,91.0
Germany,DEU,2014,63.0,91.0
Germany,DEU,2015,65.0,91.0
Germany,DEU,2016,70.0,91.0
Germany,DEU,2017,71.0,91.0
Germany,DEU,2018,71.0,91.0
Germany,DEU,2019,69.0,91.0
Grenada,GRD,2002,100.0,83.0
Grenada,GRD,2003,50.0,83.0
Grenada,GRD,2007,100.0,82.0
Grenada,GRD,2009,60.0,81.0
Grenada,GRD,2010,75.0,81.0
Grenada,GRD,2011,100.0,81.0
Grenada,GRD,2012,100.0,81.0
Grenada,GRD,2015,80.0,80.0
Grenada,GRD,2016,100.0,80.0
Grenada,GRD,2017,67.0,80.0
Grenada,GRD,2018,50.0,80.0
Guatemala,GTM,2000,86.0,79.0
Guatemala,GTM,2001,85.0,79.0
Guatemala,GTM,2002,84.0,79.0
Guatemala,GTM,2003,91.0,80.0
Guatemala,GTM,2004,85.0,80.0
Guatemala,GTM,2006,47.0,80.0
Guatemala,GTM,2007,84.0,80.0
Guatemala,GTM,2008,82.0,80.0
Guatemala,GTM,2009,83.0,80.0
Guatemala,GTM,2010,82.0,80.0
Guatemala,GTM,2011,85.0,81.0
Guatemala,GTM,2012,88.0,81.0
Guatemala,GTM,2013,84.0,81.0
Guatemala,GTM,2014,85.0,81.0
Guatemala,GTM,2015,87.0,81.0
Guatemala,GTM,2016,87.0,81.0
Guatemala,GTM,2017,87.0,82.0
Guatemala,GTM,2018,88.0,82.0
Guatemala,GTM,2019,85.0,82.0
Guinea,GIN,2006,76.0,46.0
Guinea,GIN,2007,76.0,49.0
Guinea,GIN,2008,79.0,53.0
Guinea,GIN,2009,79.0,44.0
Guinea,GIN,2010,80.0,58.0
Guinea,GIN,2011,84.0,59.0
Guinea,GIN,2012,82.0,59.0
Guinea,GIN,2013,79.0,58.0
Guinea,GIN,2014,83.0,59.0
Guinea,GIN,2015,80.0,59.0
Guinea,GIN,2016,85.0,60.0
Guinea,GIN,2017,88.0,64.0
Guinea,GIN,2018,90.0,65.0
Guinea,GIN,2019,89.0,72.0
Guyana,GUY,2000,55.0,80.0
Guyana,GUY,2001,73.0,80.0
Guyana,GUY,2002,66.0,80.0
Guyana,GUY,2003,55.0,80.0
Guyana,GUY,2004,41.0,80.0
Guyana,GUY,2005,55.0,80.0
Guyana,GUY,2006,58.0,80.0
Guyana,GUY,2007,65.0,80.0
Guyana,GUY,2008,62.0,80.0
Guyana,GUY,2009,64.0,80.0
Guyana,GUY,2010,64.0,80.0
Guyana,GUY,2011,65.0,80.0
Guyana,GUY,2012,65.0,80.0
Guyana,GUY,2013,67.0,80.0
Guyana,GUY,2014,69.0,80.0
Guyana,GUY,2015,68.0,80.0
Guyana,GUY,2016,69.0,80.0
Guyana,GUY,2017,71.0,80.0
Guyana,GUY,2018,72.0,80.0
Guyana,GUY,2019,71.0,80.0
Haiti,HTI,2000,71.0,46.0
Haiti,HTI,2001,73.0,44.0
Haiti,HTI,2002,75.0,50.0
Haiti,HTI,2003,75.0,57.0
Haiti,HTI,2004,73.0,59.0
Haiti,HTI,2005,77.0,58.0
Haiti,HTI,2006,77.0,57.0
Haiti,HTI,2007,77.0,58.0
Haiti,HTI,2009,77.0,64.0
Haiti,HTI,2010,79.0,63.0
Haiti,HTI,2011,82.0,69.0
Haiti,HTI,2012,81.0,77.0
Haiti,HTI,2013,81.0,80.0
Haiti,HTI,2014,78.0,76.0
Haiti,HTI,2015,80.0,79.0
Haiti,HTI,2016,82.0,76.0
Haiti,HTI,2017,78.0,76.0
Haiti,HTI,2018,82.0,69.0
Haiti,HTI,2019,84.0,69.0
Haiti,HTI,2008,,61.0
Honduras,HND,2000,86.0,79.0
Honduras,HND,2001,86.0,79.0
Honduras,HND,2002,87.0,79.0
Honduras,HND,2003,87.0,79.0
Honduras,HND,2004,85.0,79.0
Honduras,HND,2005,88.0,79.0
Honduras,HND,2006,86.0,79.0
Honduras,HND,2007,90.0,79.0
Honduras,HND,2008,85.0,79.0
Honduras,HND,2009,86.0,79.0
Honduras,HND,2010,85.0,79.0
Honduras,HND,2011,88.0,79.0
Honduras,HND,2012,89.0,79.0
Honduras,HND,2013,89.0,79.0
Honduras,HND,2014,89.0,78.0
Honduras,HND,2015,86.0,78.0
Honduras,HND,2016,88.0,78.0
Honduras,HND,2017,87.0,78.0
Honduras,HND,2018,88.0,78.0
Honduras,HND,2019,89.0,78.0
Hungary,HUN,2000,64.0,87.0
Hungary,HUN,2001,46.0,87.0
Hungary,HUN,2002,55.0,87.0
Hungary,HUN,2003,48.0,87.0
Hungary,HUN,2004,66.0,87.0
Hungary,HUN,2005,63.0,87.0
Hungary,HUN,2006,62.0,87.0
Hungary,HUN,2007,60.0,87.0
Hungary,HUN,2008,62.0,87.0
Hungary,HUN,2009,67.0,87.0
Hungary,HUN,2010,74.0,87.0
Hungary,HUN,2011,76.0,87.0
Hungary,HUN,2012,70.0,87.0
Hungary,HUN,2013,74.0,87.0
Hungary,HUN,2014,73.0,87.0
Hungary,HUN,2015,71.0,87.0
Hungary,HUN,2016,71.0,87.0
Hungary,HUN,2017,67.0,87.0
Hungary,HUN,2018,66.0,87.0
Hungary,HUN,2019,65.0,87.0
Iceland,ISL,2000,100.0,87.0
Iceland,ISL,2001,67.0,87.0
Iceland,ISL,2002,100.0,87.0
Iceland,ISL,2003,100.0,87.0
Iceland,ISL,2004,91.0,87.0
Iceland,ISL,2005,100.0,87.0
Iceland,ISL,2006,85.0,87.0
Iceland,ISL,2007,92.0,87.0
Iceland,ISL,2008,100.0,87.0
Iceland,ISL,2009,71.0,87.0
Iceland,ISL,2010,91.0,87.0
Iceland,ISL,2011,89.0,87.0
Iceland,ISL,2012,90.0,87.0
Iceland,ISL,2013,91.0,87.0
Iceland,ISL,2014,89.0,87.0
Iceland,ISL,2015,100.0,87.0
Iceland,ISL,2016,83.0,87.0
Iceland,ISL,2017,92.0,87.0
Iceland,ISL,2018,100.0,87.0
Iceland,ISL,2019,100.0,87.0
India,IND,2014,74.0,51.0
India,IND,2015,72.0,53.0
India,IND,2016,69.0,58.0
India,IND,2017,81.0,56.0
India,IND,2018,82.0,67.0
India,IND,2019,84.0,77.0
Indonesia,IDN,2016,86.0,43.0
Indonesia,IDN,2017,85.0,52.0
Indonesia,IDN,2018,83.0,68.0
Indonesia,IDN,2019,83.0,67.0
Iran,IRN,2000,85.0,80.0
Iran,IRN,2001,85.0,80.0
Iran,IRN,2002,85.0,80.0
Iran,IRN,2003,84.0,80.0
Iran,IRN,2004,83.0,80.0
Iran,IRN,2005,77.0,80.0
Iran,IRN,2006,83.0,79.0
Iran,IRN,2007,82.0,79.0
Iran,IRN,2008,83.0,79.0
Iran,IRN,2009,82.0,78.0
Iran,IRN,2010,83.0,78.0
Iran,IRN,2011,84.0,78.0
Iran,IRN,2012,87.0,78.0
Iran,IRN,2013,87.0,78.0
Iran,IRN,2014,87.0,78.0
Iran,IRN,2015,87.0,77.0
Iran,IRN,2016,86.0,76.0
Iran,IRN,2017,86.0,76.0
Iran,IRN,2018,86.0,76.0
Iran,IRN,2019,85.0,77.0
Iraq,IRQ,2000,92.0,78.0
Iraq,IRQ,2001,89.0,83.0
Iraq,IRQ,2002,91.0,92.0
Iraq,IRQ,2003,85.0,88.0
Iraq,IRQ,2004,85.0,78.0
Iraq,IRQ,2005,88.0,69.0
Iraq,IRQ,2006,86.0,58.0
Iraq,IRQ,2007,88.0,58.0
Iraq,IRQ,2008,89.0,67.0
Iraq,IRQ,2009,90.0,67.0
Iraq,IRQ,2010,90.0,69.0
Iraq,IRQ,2011,90.0,62.0
Iraq,IRQ,2012,91.0,60.0
Iraq,IRQ,2013,88.0,59.0
Iraq,IRQ,2014,92.0,58.0
Iraq,IRQ,2015,91.0,59.0
Iraq,IRQ,2016,93.0,54.0
Iraq,IRQ,2017,92.0,59.0
Iraq,IRQ,2018,93.0,57.0
Iraq,IRQ,2019,94.0,57.0
Ireland,IRL,2000,84.0,87.0
Ireland,IRL,2001,56.0,87.0
Ireland,IRL,2002,77.0,87.0
Ireland,IRL,2003,70.0,87.0
Ireland,IRL,2004,73.0,87.0
Ireland,IRL,2005,71.0,87.0
Ireland,IRL,2006,61.0,87.0
Ireland,IRL,2007,73.0,87.0
Ireland,IRL,2008,74.0,87.0
Ireland,IRL,2009,65.0,87.0
Ireland,IRL,2010,74.0,87.0
Ireland,IRL,2011,61.0,87.0
Ireland,IRL,2012,61.0,87.0
Ireland,IRL,2013,59.0,87.0
Ireland,IRL,2014,56.0,87.0
Ireland,IRL,2015,57.0,87.0
Israel,ISR,2000,86.0,87.0
Israel,ISR,2001,86.0,87.0
Israel,ISR,2002,87.0,87.0
Israel,ISR,2003,84.0,87.0
Israel,ISR,2004,87.0,87.0
Israel,ISR,2005,86.0,87.0
Israel,ISR,2006,84.0,87.0
Israel,ISR,2007,82.0,87.0
Israel,ISR,2008,88.0,87.0
Israel,ISR,2009,88.0,87.0
Israel,ISR,2010,84.0,87.0
Israel,ISR,2011,78.0,87.0
Israel,ISR,2012,81.0,87.0
Israel,ISR,2013,84.0,87.0
Israel,ISR,2014,89.0,87.0
Israel,ISR,2015,83.0,87.0
Israel,ISR,2016,79.0,87.0
Israel,ISR,2017,87.0,87.0
Israel,ISR,2018,78.0,87.0
Israel,ISR,2019,84.0,87.0
Italy,ITA,2000,74.0,87.0
Italy,ITA,2002,79.0,87.0
Italy,ITA,2003,95.0,87.0
Jamaica,JAM,2000,45.0,81.0
Jamaica,JAM,2002,49.0,82.0
Jamaica,JAM,2003,53.0,82.0
Jamaica,JAM,2004,43.0,82.0
Jamaica,JAM,2005,53.0,82.0
Jamaica,JAM,2006,45.0,82.0
Jamaica,JAM,2007,63.0,82.0
Jamaica,JAM,2008,59.0,82.0
Jamaica,JAM,2009,66.0,82.0
Jamaica,JAM,2011,44.0,82.0
Jamaica,JAM,2012,65.0,82.0
Jamaica,JAM,2013,77.0,82.0
Jamaica,JAM,2019,66.0,84.0
Japan,JPN,2000,45.0,87.0
Japan,JPN,2001,58.0,87.0
Japan,JPN,2002,63.0,87.0
Japan,JPN,2003,65.0,87.0
Japan,JPN,2004,49.0,87.0
Japan,JPN,2005,51.0,87.0
Japan,JPN,2006,54.0,87.0
Japan,JPN,2007,48.0,87.0
Japan,JPN,2008,51.0,87.0
Japan,JPN,2009,56.0,87.0
Japan,JPN,2010,56.0,87.0
Japan,JPN,2011,55.0,87.0
Japan,JPN,2012,54.0,87.0
Japan,JPN,2013,54.0,87.0
Japan,JPN,2014,53.0,87.0
Japan,JPN,2015,53.0,87.0
Japan,JPN,2016,70.0,87.0
Japan,JPN,2017,68.0,87.0
Japan,JPN,2018,66.0,87.0
Japan,JPN,2019,66.0,87.0
Jordan,JOR,2000,90.0,81.0
Jordan,JOR,2001,86.0,81.0
Jordan,JOR,2002,89.0,81.0
Jordan,JOR,2003,87.0,81.0
Jordan,JOR,2004,89.0,81.0
Jordan,JOR,2005,83.0,81.0
Jordan,JOR,2006,80.0,79.0
Jordan,JOR,2007,84.0,77.0
Jordan,JOR,2008,84.0,79.0
Jordan,JOR,2009,85.0,81.0
Jordan,JOR,2010,90.0,84.0
Jordan,JOR,2011,90.0,86.0
Jordan,JOR,2012,90.0,90.0
Jordan,JOR,2013,88.0,89.0
Jordan,JOR,2014,88.0,82.0
Jordan,JOR,2015,85.0,78.0
Jordan,JOR,2016,89.0,77.0
Jordan,JOR,2017,56.0,77.0
Jordan,JOR,2018,67.0,76.0
Jordan,JOR,2019,82.0,76.0
Kazakhstan,KAZ,2000,79.0,99.0
Kazakhstan,KAZ,2001,78.0,93.0
Kazakhstan,KAZ,2002,78.0,93.0
Kazakhstan,KAZ,2003,75.0,120.0
Kazakhstan,KAZ,2004,84.0,94.0
Kazakhstan,KAZ,2005,84.0,98.0
Kazakhstan,KAZ,2006,83.0,96.0
Kazakhstan,KAZ,2007,83.0,100.0
Kazakhstan,KAZ,2008,80.0,90.0
Kazakhstan,KAZ,2009,78.0,100.0
Kazakhstan,KAZ,2010,76.0,98.0
Kazakhstan,KAZ,2011,76.0,110.0
Kazakhstan,KAZ,2012,86.0,86.0
Kazakhstan,KAZ,2013,89.0,100.0
Kazakhstan,KAZ,2014,90.0,95.0
Kazakhstan,KAZ,2015,91.0,97.0
Kazakhstan,KAZ,2016,88.0,93.0
Kazakhstan,KAZ,2017,91.0,99.0
Kazakhstan,KAZ,2018,90.0,100.0
Kazakhstan,KAZ,2019,90.0,97.0
Kenya,KEN,2000,80.0,46.0
Kenya,KEN,2001,80.0,46.0
Kenya,KEN,2002,79.0,46.0
Kenya,KEN,2003,80.0,46.0
Kenya,KEN,2004,77.0,46.0
Kenya,KEN,2005,81.0,45.0
Kenya,KEN,2006,83.0,45.0
Kenya,KEN,2007,83.0,45.0
Kenya,KEN,2008,84.0,45.0
Kenya,KEN,2009,84.0,45.0
Kenya,KEN,2010,86.0,45.0
Kenya,KEN,2011,87.0,45.0
Kenya,KEN,2012,86.0,45.0
Kenya,KEN,2013,86.0,45.0
Kenya,KEN,2014,87.0,45.0
Kenya,KEN,2015,87.0,46.0
Kenya,KEN,2016,81.0,46.0
Kenya,KEN,2017,83.0,54.0
Kenya,KEN,2018,84.0,65.0
Kenya,KEN,2019,86.0,62.0
Kiribati,KIR,2000,91.0,76.0
Kiribati,KIR,2001,86.0,76.0
Kiribati,KIR,2002,94.0,76.0
Kiribati,KIR,2003,88.0,75.0
Kiribati,KIR,2004,89.0,75.0
Kiribati,KIR,2005,91.0,75.0
Kiribati,KIR,2006,86.0,75.0
Kiribati,KIR,2007,87.0,76.0
Kiribati,KIR,2008,89.0,76.0
Kiribati,KIR,2009,93.0,76.0
Kiribati,KIR,2010,90.0,76.0
Kiribati,KIR,2011,91.0,76.0
Kiribati,KIR,2012,89.0,76.0
Kiribati,KIR,2013,86.0,76.0
Kiribati,KIR,2014,87.0,76.0
Kiribati,KIR,2015,91.0,76.0
Kiribati,KIR,2016,90.0,76.0
Kiribati,KIR,2017,89.0,76.0
Kiribati,KIR,2018,92.0,76.0
Kiribati,KIR,2019,92.0,76.0
Kuwait,KWT,2000,69.0,87.0
Kuwait,KWT,2001,73.0,87.0
Kuwait,KWT,2002,55.0,87.0
Kuwait,KWT,2003,62.0,87.0
Kuwait,KWT,2004,69.0,87.0
Kuwait,KWT,2005,80.0,87.0
Kuwait,KWT,2006,85.0,87.0
Kuwait,KWT,2007,84.0,87.0
Kuwait,KWT,2008,83.0,87.0
Kuwait,KWT,2009,86.0,87.0
Kuwait,KWT,2010,89.0,87.0
Kuwait,KWT,2011,87.0,87.0
Kuwait,KWT,2013,82.0,87.0
Kuwait,KWT,2014,97.0,87.0
Kuwait,KWT,2015,87.0,87.0
Kuwait,KWT,2016,87.0,87.0
Kuwait,KWT,2017,89.0,87.0
Kuwait,KWT,2018,83.0,87.0
Kuwait,KWT,2019,74.0,87.0
Kuwait,KWT,2012,,87.0
Kyrgyzstan,KGZ,2000,82.0,87.0
Kyrgyzstan,KGZ,2001,81.0,87.0
Kyrgyzstan,KGZ,2002,82.0,95.0
Kyrgyzstan,KGZ,2003,84.0,94.0
Kyrgyzstan,KGZ,2004,90.0,91.0
Kyrgyzstan,KGZ,2005,91.0,85.0
Kyrgyzstan,KGZ,2006,89.0,85.0
Kyrgyzstan,KGZ,2007,89.0,85.0
Kyrgyzstan,KGZ,2008,90.0,85.0
Kyrgyzstan,KGZ,2009,89.0,86.0
Kyrgyzstan,KGZ,2011,84.0,86.0
Kyrgyzstan,KGZ,2013,85.0,87.0
Kyrgyzstan,KGZ,2014,84.0,87.0
Kyrgyzstan,KGZ,2015,82.0,88.0
Kyrgyzstan,KGZ,2016,82.0,88.0
Kyrgyzstan,KGZ,2017,82.0,88.0
Kyrgyzstan,KGZ,2018,81.0,88.0
Kyrgyzstan,KGZ,2019,81.0,88.0
Kyrgyzstan,KGZ,2010,,86.0
Kyrgyzstan,KGZ,2012,,87.0
Laos,LAO,2016,86.0,41.0
Laos,LAO,2017,89.0,49.0
Laos,LAO,2018,88.0,57.0
Laos,LAO,2019,90.0,61.0
Latvia,LVA,2000,72.0,87.0
Latvia,LVA,2001,73.0,87.0
Latvia,LVA,2002,76.0,87.0
Latvia,LVA,2003,74.0,87.0
Latvia,LVA,2004,79.0,87.0
Latvia,LVA,2005,79.0,87.0
Latvia,LVA,2006,79.0,87.0
Latvia,LVA,2007,83.0,87.0
Latvia,LVA,2008,77.0,87.0
Latvia,LVA,2009,77.0,87.0
Latvia,LVA,2010,78.0,87.0
Latvia,LVA,2011,77.0,87.0
Latvia,LVA,2012,87.0,87.0
Latvia,LVA,2013,83.0,87.0
Latvia,LVA,2014,83.0,87.0
Latvia,LVA,2015,84.0,87.0
Latvia,LVA,2016,85.0,87.0
Lebanon,LBN,2000,92.0,87.0
Lebanon,LBN,2001,91.0,87.0
Lebanon,LBN,2002,91.0,87.0
Lebanon,LBN,2003,92.0,87.0
Lebanon,LBN,2004,90.0,87.0
Lebanon,LBN,2005,92.0,87.0
Lebanon,LBN,2006,89.0,87.0
Lebanon,LBN,2007,80.0,87.0
Lebanon,LBN,2008,84.0,87.0
Lebanon,LBN,2009,85.0,87.0
Lebanon,LBN,2010,81.0,87.0
Lebanon,LBN,2011,78.0,87.0
Lebanon,LBN,2012,71.0,87.0
Lebanon,LBN,2013,71.0,87.0
Lebanon,LBN,2014,76.0,87.0
Lebanon,LBN,2015,83.0,87.0
Lebanon,LBN,2016,85.0,87.0
Lebanon,LBN,2017,84.0,87.0
Lebanon,LBN,2018,81.0,87.0
Lebanon,LBN,2019,80.0,87.0
Lesotho,LSO,2002,71.0,50.0
Lesotho,LSO,2003,70.0,60.0
Lesotho,LSO,2004,57.0,50.0
Lesotho,LSO,2005,73.0,46.0
Lesotho,LSO,2006,62.0,51.0
Lesotho,LSO,2007,59.0,54.0
Lesotho,LSO,2008,68.0,49.0
Lesotho,LSO,2009,66.0,49.0
Lesotho,LSO,2010,65.0,49.0
Lesotho,LSO,2011,69.0,51.0
Lesotho,LSO,2012,71.0,50.0
Lesotho,LSO,2013,70.0,49.0
Lesotho,LSO,2014,70.0,49.0
Lesotho,LSO,2015,74.0,46.0
Lesotho,LSO,2016,77.0,48.0
Lesotho,LSO,2017,76.0,48.0
Lesotho,LSO,2018,77.0,49.0
Lesotho,LSO,2019,78.0,49.0
Liberia,LBR,2002,76.0,45.0
Liberia,LBR,2004,70.0,53.0
Liberia,LBR,2008,84.0,47.0
Liberia,LBR,2009,86.0,53.0
Liberia,LBR,2011,87.0,63.0
Liberia,LBR,2012,79.0,61.0
Liberia,LBR,2015,77.0,41.0
Liberia,LBR,2016,77.0,49.0
Liberia,LBR,2017,77.0,52.0
Liberia,LBR,2018,75.0,52.0
Liberia,LBR,2019,75.0,54.0
Libya,LBY,2002,61.0,85.0
Libya,LBY,2003,62.0,87.0
Libya,LBY,2004,64.0,73.0
Libya,LBY,2005,69.0,90.0
Libya,LBY,2006,77.0,85.0
Libya,LBY,2007,64.0,87.0
Libya,LBY,2008,70.0,81.0
Libya,LBY,2011,59.0,61.0
Libya,LBY,2012,60.0,66.0
Libya,LBY,2013,59.0,56.0
Libya,LBY,2014,57.0,47.0
Libya,LBY,2016,59.0,45.0
Libya,LBY,2017,59.0,53.0
Libya,LBY,2018,69.0,70.0
Libya,LBY,2019,70.0,57.0
Lithuania,LTU,2000,73.0,87.0
Lithuania,LTU,2001,72.0,87.0
Lithuania,LTU,2002,71.0,87.0
Lithuania,LTU,2003,74.0,87.0
Lithuania,LTU,2004,81.0,87.0
Lithuania,LTU,2005,79.0,87.0
Lithuania,LTU,2006,79.0,87.0
Lithuania,LTU,2007,75.0,87.0
Lithuania,LTU,2008,77.0,87.0
Lithuania,LTU,2009,77.0,87.0
Lithuania,LTU,2010,74.0,87.0
Lithuania,LTU,2011,78.0,87.0
Lithuania,LTU,2012,80.0,87.0
Lithuania,LTU,2013,80.0,87.0
Lithuania,LTU,2014,81.0,87.0
Lithuania,LTU,2015,79.0,87.0
Lithuania,LTU,2016,84.0,87.0
Lithuania,LTU,2017,83.0,87.0
Lithuania,LTU,2018,87.0,87.0
Lithuania,LTU,2019,87.0,87.0
Madagascar,MDG,2004,71.0,41.0
Madagascar,MDG,2006,77.0,44.0
Madagascar,MDG,2007,78.0,43.0
Madagascar,MDG,2008,80.0,43.0
Madagascar,MDG,2009,80.0,44.0
Madagascar,MDG,2010,81.0,47.0
Madagascar,MDG,2011,83.0,49.0
Madagascar,MDG,2012,82.0,48.0
Madagascar,MDG,2013,82.0,48.0
Madagascar,MDG,2014,83.0,50.0
Madagascar,MDG,2015,82.0,51.0
Madagascar,MDG,2016,84.0,49.0
Madagascar,MDG,2017,84.0,51.0
Madagascar,MDG,2018,83.0,54.0
Madagascar,MDG,2019,82.0,58.0
Malawi,MWI,2000,73.0,54.0
Malawi,MWI,2001,70.0,57.0
Malawi,MWI,2002,72.0,52.0
Malawi,MWI,2003,73.0,58.0
Malawi,MWI,2004,70.0,54.0
Malawi,MWI,2005,74.0,50.0
Malawi,MWI,2006,79.0,49.0
Malawi,MWI,2007,84.0,47.0
Malawi,MWI,2008,81.0,46.0
Malawi,MWI,2009,85.0,45.0
Malawi,MWI,2010,83.0,42.0
Malawi,MWI,2012,82.0,45.0
Malawi,MWI,2013,82.0,42.0
Malawi,MWI,2014,85.0,43.0
Malawi,MWI,2015,81.0,47.0
Malawi,MWI,2016,82.0,51.0
Malawi,MWI,2017,86.0,57.0
Malawi,MWI,2018,88.0,56.0
Malawi,MWI,2019,88.0,61.0
Malaysia,MYS,2000,78.0,88.0
Malaysia,MYS,2001,79.0,88.0
Malaysia,MYS,2002,76.0,87.0
Malaysia,MYS,2003,72.0,87.0
Malaysia,MYS,2004,52.0,86.0
Malaysia,MYS,2005,66.0,86.0
Malaysia,MYS,2006,45.0,86.0
Malaysia,MYS,2007,71.0,86.0
Malaysia,MYS,2008,75.0,86.0
Malaysia,MYS,2009,73.0,85.0
Malaysia,MYS,2010,76.0,85.0
Malaysia,MYS,2011,76.0,85.0
Malaysia,MYS,2012,78.0,85.0
Malaysia,MYS,2013,76.0,85.0
Malaysia,MYS,2014,78.0,85.0
Malaysia,MYS,2015,78.0,85.0
Malaysia,MYS,2016,80.0,85.0
Malaysia,MYS,2017,81.0,85.0
Malaysia,MYS,2018,79.0,85.0
Malaysia,MYS,2019,80.0,85.0
Maldives,MDV,2000,97.0,79.0
Maldives,MDV,2001,97.0,80.0
Maldives,MDV,2002,95.0,81.0
Maldives,MDV,2003,91.0,81.0
Maldives,MDV,2004,97.0,82.0
Maldives,MDV,2005,89.0,83.0
Maldives,MDV,2006,89.0,83.0
Maldives,MDV,2007,64.0,82.0
Maldives,MDV,2008,71.0,82.0
Maldives,MDV,2010,81.0,81.0
Maldives,MDV,2011,87.0,81.0
Maldives,MDV,2012,79.0,82.0
Maldives,MDV,2013,84.0,83.0
Maldives,MDV,2015,83.0,84.0
Maldives,MDV,2016,83.0,84.0
Maldives,MDV,2017,68.0,84.0
Maldives,MDV,2018,64.0,84.0
Maldives,MDV,2019,61.0,84.0
Mali,MLI,2001,50.0,51.0
Mali,MLI,2002,50.0,50.0
Mali,MLI,2003,65.0,50.0
Mali,MLI,2004,71.0,50.0
Mali,MLI,2005,75.0,51.0
Mali,MLI,2006,76.0,54.0
Mali,MLI,2007,77.0,55.0
Mali,MLI,2008,81.0,63.0
Mali,MLI,2009,79.0,69.0
Mali,MLI,2010,77.0,54.0
Mali,MLI,2011,69.0,55.0
Mali,MLI,2012,93.0,54.0
Mali,MLI,2013,74.0,57.0
Mali,MLI,2014,73.0,58.0
Mali,MLI,2015,77.0,65.0
Mali,MLI,2016,77.0,65.0
Mali,MLI,2017,78.0,61.0
Mali,MLI,2018,80.0,65.0
Mali,MLI,2019,82.0,64.0
Malta,MLT,2000,100.0,87.0
Malta,MLT,2001,100.0,87.0
Malta,MLT,2002,60.0,87.0
Malta,MLT,2003,100.0,87.0
Malta,MLT,2004,89.0,87.0
Malta,MLT,2005,96.0,87.0
Malta,MLT,2006,100.0,87.0
Malta,MLT,2007,78.0,87.0
Malta,MLT,2008,74.0,87.0
Malta,MLT,2009,76.0,87.0
Malta,MLT,2010,65.0,87.0
Malta,MLT,2011,69.0,87.0
Malta,MLT,2013,76.0,87.0
Marshall Islands,MHL,2000,91.0,75.0
Marshall Islands,MHL,2001,86.0,76.0
Marshall Islands,MHL,2002,100.0,77.0
Marshall Islands,MHL,2003,90.0,78.0
Marshall Islands,MHL,2004,89.0,80.0
Marshall Islands,MHL,2005,62.0,81.0
Marshall Islands,MHL,2006,63.0,82.0
Marshall Islands,MHL,2007,85.0,83.0
Marshall Islands,MHL,2008,88.0,83.0
Marshall Islands,MHL,2009,81.0,84.0
Marshall Islands,MHL,2010,84.0,84.0
Marshall Islands,MHL,2011,83.0,85.0
Marshall Islands,MHL,2012,86.0,87.0
Marshall Islands,MHL,2013,89.0,89.0
Marshall Islands,MHL,2014,86.0,91.0
Marshall Islands,MHL,2016,81.0,96.0
Marshall Islands,MHL,2017,83.0,98.0
Marshall Islands,MHL,2018,91.0,100.0
Marshall Islands,MHL,2019,87.0,110.0
Mauritania,MRT,2006,41.0,51.0
Mauritania,MRT,2007,66.0,59.0
Mauritania,MRT,2008,68.0,55.0
Mauritania,MRT,2009,60.0,56.0
Mauritania,MRT,2010,70.0,53.0
Mauritania,MRT,2012,68.0,60.0
Mauritania,MRT,2013,71.0,52.0
Mauritania,MRT,2014,70.0,57.0
Mauritania,MRT,2015,71.0,52.0
Mauritania,MRT,2016,70.0,57.0
Mauritania,MRT,2017,77.0,61.0
Mauritania,MRT,2018,81.0,60.0
Mauritania,MRT,2019,81.0,64.0
Mauritius,MUS,2000,93.0,78.0
Mauritius,MUS,2001,93.0,78.0
Mauritius,MUS,2002,92.0,78.0
Mauritius,MUS,2003,87.0,78.0
Mauritius,MUS,2004,89.0,78.0
Mauritius,MUS,2005,86.0,78.0
Mauritius,MUS,2006,93.0,78.0
Mauritius,MUS,2007,85.0,78.0
Mauritius,MUS,2008,88.0,78.0
Mauritius,MUS,2009,89.0,78.0
Mauritius,MUS,2010,91.0,78.0
Mauritius,MUS,2011,90.0,78.0
Mauritius,MUS,2012,91.0,78.0
Mauritius,MUS,2013,88.0,78.0
Mauritius,MUS,2014,90.0,78.0
Mauritius,MUS,2015,91.0,78.0
Mauritius,MUS,2016,89.0,78.0
Mauritius,MUS,2017,88.0,78.0
Mauritius,MUS,2018,81.0,78.0
Mauritius,MUS,2019,79.0,78.0
Mexico,MEX,2000,76.0,81.0
Mexico,MEX,2002,83.0,81.0
Mexico,MEX,2003,82.0,81.0
Mexico,MEX,2004,81.0,80.0
Mexico,MEX,2005,74.0,80.0
Mexico,MEX,2006,77.0,81.0
Mexico,MEX,2007,80.0,81.0
Mexico,MEX,2008,81.0,81.0
Mexico,MEX,2009,83.0,81.0
Mexico,MEX,2010,82.0,81.0
Mexico,MEX,2011,82.0,81.0
Mexico,MEX,2012,80.0,81.0
Mexico,MEX,2013,80.0,81.0
Mexico,MEX,2014,80.0,81.0
Mexico,MEX,2015,80.0,81.0
Mexico,MEX,2016,79.0,81.0
Mexico,MEX,2017,77.0,81.0
Mexico,MEX,2018,76.0,81.0
Mexico,MEX,2019,72.0,82.0
Micronesia (country),FSM,2000,93.0,80.0
Micronesia (country),FSM,2001,100.0,80.0
Micronesia (country),FSM,2002,91.0,80.0
Micronesia (country),FSM,2003,92.0,80.0
Micronesia (country),FSM,2004,80.0,80.0
Micronesia (country),FSM,2005,83.0,80.0
Micronesia (country),FSM,2006,90.0,80.0
Micronesia (country),FSM,2007,63.0,80.0
Micronesia (country),FSM,2008,52.0,80.0
Micronesia (country),FSM,2009,81.0,80.0
Micronesia (country),FSM,2010,88.0,80.0
Micronesia (country),FSM,2011,93.0,80.0
Micronesia (country),FSM,2014,94.0,80.0
Micronesia (country),FSM,2015,80.0,80.0
Micronesia (country),FSM,2016,90.0,80.0
Micronesia (country),FSM,2017,88.0,80.0
Micronesia (country),FSM,2018,93.0,80.0
Micronesia (country),FSM,2019,81.0,80.0
Micronesia (country),FSM,2012,,80.0
Moldova,MDA,2000,63.0,86.0
Moldova,MDA,2001,64.0,87.0
Moldova,MDA,2002,54.0,88.0
Moldova,MDA,2003,65.0,170.0
Moldova,MDA,2004,70.0,90.0
Moldova,MDA,2005,74.0,90.0
Moldova,MDA,2006,73.0,91.0
Moldova,MDA,2007,74.0,93.0
Moldova,MDA,2008,71.0,94.0
Moldova,MDA,2009,69.0,95.0
Moldova,MDA,2010,67.0,97.0
Moldova,MDA,2011,73.0,99.0
Moldova,MDA,2012,76.0,100.0
Moldova,MDA,2013,80.0,100.0
Moldova,MDA,2014,79.0,110.0
Moldova,MDA,2015,80.0,110.0
Moldova,MDA,2016,83.0,110.0
Moldova,MDA,2017,81.0,110.0
Moldova,MDA,2018,85.0,110.0
Moldova,MDA,2019,84.0,110.0
Mongolia,MNG,2004,91.0,42.0
Mongolia,MNG,2005,91.0,42.0
Mongolia,MNG,2006,91.0,46.0
Mongolia,MNG,2007,93.0,42.0
Montenegro,MNE,2006,44.0,85.0
Montenegro,MNE,2007,78.0,85.0
Montenegro,MNE,2008,83.0,86.0
Montenegro,MNE,2009,85.0,86.0
Montenegro,MNE,2010,87.0,86.0
Montenegro,MNE,2011,86.0,86.0
Montenegro,MNE,2012,84.0,86.0
Montenegro,MNE,2013,87.0,86.0
Montenegro,MNE,2014,89.0,86.0
Montenegro,MNE,2015,93.0,86.0
Montenegro,MNE,2016,80.0,86.0
Montenegro,MNE,2017,87.0,86.0
Montenegro,MNE,2018,95.0,86.0
Montenegro,MNE,2019,95.0,87.0
Morocco,MAR,2000,89.0,88.0
Morocco,MAR,2002,89.0,87.0
Morocco,MAR,2003,86.0,87.0
Morocco,MAR,2004,86.0,87.0
Morocco,MAR,2005,83.0,87.0
Morocco,MAR,2006,88.0,87.0
Morocco,MAR,2007,88.0,87.0
Morocco,MAR,2008,88.0,87.0
Morocco,MAR,2009,87.0,87.0
Morocco,MAR,2010,88.0,87.0
Morocco,MAR,2011,81.0,87.0
Morocco,MAR,2012,89.0,87.0
Morocco,MAR,2013,89.0,87.0
Morocco,MAR,2014,86.0,87.0
Morocco,MAR,2015,88.0,87.0
Morocco,MAR,2016,87.0,87.0
Morocco,MAR,2017,88.0,87.0
Morocco,MAR,2018,88.0,87.0
Morocco,MAR,2019,89.0,87.0
Mozambique,MOZ,2003,76.0,44.0
Mozambique,MOZ,2004,77.0,46.0
Mozambique,MOZ,2005,79.0,48.0
Mozambique,MOZ,2006,83.0,49.0
Mozambique,MOZ,2007,79.0,51.0
Mozambique,MOZ,2008,84.0,51.0
Mozambique,MOZ,2009,85.0,54.0
Mozambique,MOZ,2010,85.0,53.0
Mozambique,MOZ,2012,87.0,54.0
Mozambique,MOZ,2013,88.0,58.0
Mozambique,MOZ,2014,89.0,61.0
Mozambique,MOZ,2015,88.0,60.0
Mozambique,MOZ,2016,90.0,72.0
Mozambique,MOZ,2017,90.0,83.0
Mozambique,MOZ,2018,93.0,87.0
Mozambique,MOZ,2019,94.0,88.0
Mozambique,MOZ,2011,,52.0
Myanmar,MMR,2005,83.0,41.0
Myanmar,MMR,2006,83.0,47.0
Myanmar,MMR,2007,84.0,50.0
Myanmar,MMR,2008,84.0,48.0
Myanmar,MMR,2009,84.0,50.0
Myanmar,MMR,2010,88.0,53.0
Myanmar,MMR,2011,88.0,58.0
Myanmar,MMR,2012,89.0,62.0
Myanmar,MMR,2013,87.0,62.0
Myanmar,MMR,2014,87.0,66.0
Myanmar,MMR,2015,87.0,69.0
Myanmar,MMR,2016,88.0,71.0
Myanmar,MMR,2017,87.0,70.0
Myanmar,MMR,2018,88.0,78.0
Myanmar,MMR,2019,88.0,79.0
Namibia,NAM,2000,56.0,60.0
Namibia,NAM,2001,63.0,64.0
Namibia,NAM,2002,66.0,59.0
Namibia,NAM,2003,63.0,61.0
Namibia,NAM,2004,46.0,62.0
Namibia,NAM,2005,69.0,61.0
Namibia,NAM,2006,75.0,61.0
Namibia,NAM,2007,77.0,60.0
Namibia,NAM,2008,81.0,62.0
Namibia,NAM,2009,80.0,59.0
Namibia,NAM,2010,85.0,60.0
Namibia,NAM,2011,86.0,62.0
Namibia,NAM,2012,85.0,61.0
Namibia,NAM,2013,86.0,61.0
Namibia,NAM,2014,87.0,60.0
Namibia,NAM,2015,83.0,66.0
Namibia,NAM,2016,84.0,63.0
Namibia,NAM,2017,86.0,64.0
Namibia,NAM,2018,86.0,62.0
Namibia,NAM,2019,87.0,66.0
Nauru,NRU,2001,100.0,87.0
Nauru,NRU,2002,50.0,87.0
Nauru,NRU,2005,82.0,87.0
Nauru,NRU,2006,58.0,87.0
Nauru,NRU,2007,100.0,87.0
Nauru,NRU,2008,100.0,87.0
Nauru,NRU,2009,100.0,87.0
Nauru,NRU,2014,100.0,87.0
Nauru,NRU,2015,89.0,87.0
Nauru,NRU,2016,70.0,87.0
Nauru,NRU,2017,78.0,87.0
Nauru,NRU,2018,100.0,87.0
Nauru,NRU,2019,94.0,87.0
Nepal,NPL,2010,91.0,42.0
Nepal,NPL,2011,91.0,43.0
Nepal,NPL,2012,91.0,44.0
Nepal,NPL,2013,91.0,43.0
Nepal,NPL,2014,92.0,47.0
Nepal,NPL,2015,92.0,45.0
Nepal,NPL,2016,91.0,43.0
Nepal,NPL,2017,91.0,44.0
Nepal,NPL,2018,91.0,46.0
Nepal,NPL,2019,89.0,46.0
Netherlands,NLD,2000,76.0,87.0
Netherlands,NLD,2002,68.0,87.0
Netherlands,NLD,2003,86.0,87.0
Netherlands,NLD,2004,82.0,87.0
Netherlands,NLD,2005,87.0,87.0
Netherlands,NLD,2007,81.0,87.0
Netherlands,NLD,2008,84.0,87.0
Netherlands,NLD,2009,84.0,87.0
Netherlands,NLD,2010,84.0,87.0
Netherlands,NLD,2011,84.0,87.0
Netherlands,NLD,2012,83.0,87.0
Netherlands,NLD,2013,88.0,87.0
Netherlands,NLD,2014,85.0,87.0
Netherlands,NLD,2015,86.0,87.0
Netherlands,NLD,2016,86.0,87.0
Netherlands,NLD,2017,87.0,87.0
Netherlands,NLD,2018,86.0,87.0
Netherlands,NLD,2019,86.0,87.0
New Zealand,NZL,2002,60.0,87.0
New Zealand,NZL,2004,71.0,87.0
New Zealand,NZL,2005,73.0,87.0
New Zealand,NZL,2006,77.0,87.0
New Zealand,NZL,2007,86.0,87.0
New Zealand,NZL,2008,80.0,87.0
New Zealand,NZL,2009,80.0,87.0
New Zealand,NZL,2010,80.0,87.0
New Zealand,NZL,2011,64.0,87.0
New Zealand,NZL,2012,81.0,87.0
New Zealand,NZL,2013,84.0,87.0
New Zealand,NZL,2014,82.0,87.0
New Zealand,NZL,2015,80.0,87.0
New Zealand,NZL,2016,84.0,87.0
New Zealand,NZL,2017,82.0,87.0
New Zealand,NZL,2018,84.0,87.0
New Zealand,NZL,2019,83.0,87.0
New Zealand,NZL,2003,,87.0
Nicaragua,NIC,2000,82.0,79.0
Nicaragua,NIC,2001,83.0,79.0
Nicaragua,NIC,2002,82.0,79.0
Nicaragua,NIC,2003,84.0,80.0
Nicaragua,NIC,2004,87.0,80.0
Nicaragua,NIC,2005,85.0,80.0
Nicaragua,NIC,2006,89.0,80.0
Nicaragua,NIC,2007,86.0,80.0
Nicaragua,NIC,2008,89.0,80.0
Nicaragua,NIC,2009,85.0,80.0
Nicaragua,NIC,2010,85.0,80.0
Nicaragua,NIC,2011,86.0,79.0
Nicaragua,NIC,2012,87.0,79.0
Nicaragua,NIC,2013,84.0,79.0
Nicaragua,NIC,2014,85.0,79.0
Nicaragua,NIC,2015,87.0,79.0
Nicaragua,NIC,2016,86.0,79.0
Nicaragua,NIC,2017,86.0,79.0
Nicaragua,NIC,2018,87.0,79.0
Nicaragua,NIC,2019,88.0,79.0
Niger,NER,2006,77.0,43.0
Niger,NER,2007,79.0,48.0
Niger,NER,2008,79.0,48.0
Niger,NER,2009,79.0,53.0
Niger,NER,2010,81.0,54.0
Niger,NER,2011,80.0,56.0
Niger,NER,2012,77.0,58.0
Niger,NER,2013,79.0,59.0
Niger,NER,2014,79.0,57.0
Niger,NER,2015,80.0,54.0
Niger,NER,2016,81.0,51.0
Niger,NER,2017,82.0,53.0
Niger,NER,2018,83.0,54.0
Niger,NER,2019,83.0,58.0
Niue,NIU,2002,100.0,79.0
Niue,NIU,2018,100.0,74.0
North Korea,PRK,2007,87.0,47.0
North Korea,PRK,2008,90.0,58.0
North Korea,PRK,2009,91.0,61.0
North Korea,PRK,2010,91.0,67.0
North Korea,PRK,2011,92.0,72.0
North Korea,PRK,2012,92.0,72.0
North Korea,PRK,2013,92.0,76.0
North Korea,PRK,2014,91.0,80.0
North Korea,PRK,2015,90.0,87.0
North Korea,PRK,2017,83.0,77.0
North Korea,PRK,2018,83.0,68.0
North Korea,PRK,2019,84.0,72.0
North Korea,PRK,2016,,86.0
North Macedonia,MKD,2000,86.0,80.0
North Macedonia,MKD,2001,89.0,80.0
North Macedonia,MKD,2002,81.0,79.0
North Macedonia,MKD,2003,84.0,79.0
North Macedonia,MKD,2004,81.0,79.0
North Macedonia,MKD,2005,77.0,79.0
North Macedonia,MKD,2006,83.0,79.0
North Macedonia,MKD,2007,89.0,79.0
North Macedonia,MKD,2008,89.0,79.0
North Macedonia,MKD,2009,89.0,79.0
North Macedonia,MKD,2010,85.0,79.0
North Macedonia,MKD,2011,89.0,79.0
North Macedonia,MKD,2012,86.0,79.0
North Macedonia,MKD,2013,91.0,79.0
North Macedonia,MKD,2014,87.0,79.0
North Macedonia,MKD,2015,86.0,79.0
North Macedonia,MKD,2016,88.0,79.0
North Macedonia,MKD,2017,88.0,79.0
North Macedonia,MKD,2018,87.0,79.0
North Macedonia,MKD,2019,89.0,79.0
Norway,NOR,2000,70.0,87.0
Norway,NOR,2001,87.0,87.0
Norway,NOR,2002,80.0,87.0
Norway,NOR,2003,97.0,87.0
Norway,NOR,2004,88.0,87.0
Norway,NOR,2005,91.0,87.0
Norway,NOR,2006,88.0,87.0
Norway,NOR,2007,71.0,87.0
Norway,NOR,2008,87.0,87.0
Norway,NOR,2009,86.0,87.0
Norway,NOR,2010,89.0,87.0
Norway,NOR,2011,88.0,87.0
Norway,NOR,2012,79.0,87.0
Norway,NOR,2013,89.0,87.0
Norway,NOR,2014,84.0,87.0
Norway,NOR,2015,88.0,87.0
Norway,NOR,2016,88.0,87.0
Norway,NOR,2017,91.0,87.0
Norway,NOR,2018,84.0,87.0
Norway,NOR,2019,85.0,87.0
Oman,OMN,2000,93.0,87.0
Oman,OMN,2001,90.0,87.0
Oman,OMN,2002,92.0,87.0
Oman,OMN,2003,90.0,87.0
Oman,OMN,2004,93.0,87.0
Oman,OMN,2005,94.0,87.0
Oman,OMN,2006,88.0,87.0
Oman,OMN,2007,93.0,87.0
Oman,OMN,2008,97.0,87.0
Oman,OMN,2009,98.0,87.0
Oman,OMN,2010,98.0,87.0
Oman,OMN,2011,98.0,87.0
Oman,OMN,2012,97.0,87.0
Oman,OMN,2013,96.0,87.0
Oman,OMN,2014,96.0,87.0
Oman,OMN,2015,88.0,87.0
Oman,OMN,2016,51.0,87.0
Oman,OMN,2017,51.0,87.0
Oman,OMN,2018,52.0,87.0
Oman,OMN,2019,48.0,87.0
Pakistan,PAK,2007,90.0,46.0
Pakistan,PAK,2008,89.0,48.0
Pakistan,PAK,2009,91.0,50.0
Pakistan,PAK,2010,90.0,49.0
Pakistan,PAK,2011,92.0,48.0
Pakistan,PAK,2012,91.0,48.0
Pakistan,PAK,2013,93.0,51.0
Pakistan,PAK,2014,93.0,55.0
Pakistan,PAK,2015,93.0,57.0
Pakistan,PAK,2016,94.0,62.0
Pakistan,PAK,2017,93.0,62.0
Pakistan,PAK,2018,93.0,62.0
Pakistan,PAK,2019,93.0,56.0
Palau,PLW,2003,80.0,87.0
Palau,PLW,2004,100.0,87.0
Palau,PLW,2005,100.0,87.0
Palau,PLW,2006,67.0,87.0
Palau,PLW,2009,84.0,87.0
Palau,PLW,2010,84.0,87.0
Palau,PLW,2011,63.0,87.0
Palau,PLW,2012,100.0,87.0
Palau,PLW,2013,88.0,87.0
Palau,PLW,2014,57.0,87.0
Palau,PLW,2015,86.0,87.0
Palau,PLW,2016,83.0,87.0
Palau,PLW,2017,80.0,87.0
Palau,PLW,2018,82.0,87.0
Palau,PLW,2019,100.0,87.0
Panama,PAN,2000,60.0,80.0
Panama,PAN,2001,64.0,80.0
Panama,PAN,2002,71.0,80.0
Panama,PAN,2003,63.0,80.0
Panama,PAN,2004,75.0,80.0
Panama,PAN,2005,78.0,80.0
Panama,PAN,2006,78.0,80.0
Panama,PAN,2007,77.0,80.0
Panama,PAN,2008,76.0,80.0
Panama,PAN,2009,79.0,80.0
Panama,PAN,2010,75.0,80.0
Panama,PAN,2011,81.0,80.0
Panama,PAN,2012,80.0,80.0
Panama,PAN,2013,80.0,80.0
Panama,PAN,2014,79.0,80.0
Panama,PAN,2015,82.0,80.0
Panama,PAN,2016,81.0,80.0
Panama,PAN,2017,73.0,80.0
Panama,PAN,2018,82.0,80.0
Panama,PAN,2019,83.0,80.0
Papua New Guinea,PNG,2000,63.0,44.0
Papua New Guinea,PNG,2001,67.0,51.0
Papua New Guinea,PNG,2002,53.0,44.0
Papua New Guinea,PNG,2003,58.0,49.0
Papua New Guinea,PNG,2004,60.0,47.0
Papua New Guinea,PNG,2005,66.0,45.0
Papua New Guinea,PNG,2006,71.0,44.0
Papua New Guinea,PNG,2007,59.0,50.0
Papua New Guinea,PNG,2008,64.0,45.0
Papua New Guinea,PNG,2010,50.0,44.0
Papua New Guinea,PNG,2011,69.0,44.0
Papua New Guinea,PNG,2012,68.0,59.0
Papua New Guinea,PNG,2013,67.0,64.0
Papua New Guinea,PNG,2014,70.0,72.0
Papua New Guinea,PNG,2015,74.0,70.0
Papua New Guinea,PNG,2016,62.0,72.0
Papua New Guinea,PNG,2017,68.0,67.0
Papua New Guinea,PNG,2018,73.0,69.0
Papua New Guinea,PNG,2019,71.0,74.0
Paraguay,PRY,2000,66.0,90.0
Paraguay,PRY,2001,72.0,91.0
Paraguay,PRY,2002,75.0,91.0
Paraguay,PRY,2003,76.0,92.0
Paraguay,PRY,2004,68.0,92.0
Paraguay,PRY,2005,65.0,92.0
Paraguay,PRY,2006,65.0,93.0
Paraguay,PRY,2007,71.0,93.0
Paraguay,PRY,2008,71.0,94.0
Paraguay,PRY,2009,74.0,94.0
Paraguay,PRY,2010,70.0,94.0
Paraguay,PRY,2011,71.0,94.0
Paraguay,PRY,2012,70.0,94.0
Paraguay,PRY,2013,68.0,94.0
Paraguay,PRY,2014,71.0,94.0
Paraguay,PRY,2015,70.0,94.0
Paraguay,PRY,2016,67.0,94.0
Paraguay,PRY,2017,71.0,94.0
Paraguay,PRY,2018,67.0,94.0
Paraguay,PRY,2019,67.0,94.0
Peru,PER,2000,90.0,79.0
Peru,PER,2001,90.0,79.0
Peru,PER,2002,92.0,79.0
Peru,PER,2003,89.0,79.0
Peru,PER,2004,90.0,79.0
Peru,PER,2005,91.0,79.0
Peru,PER,2006,78.0,79.0
Peru,PER,2007,92.0,79.0
Peru,PER,2008,82.0,79.0
Peru,PER,2009,81.0,79.0
Peru,PER,2010,68.0,79.0
Peru,PER,2011,74.0,79.0
Peru,PER,2012,67.0,79.0
Peru,PER,2013,79.0,79.0
Peru,PER,2014,87.0,79.0
Peru,PER,2015,87.0,79.0
Peru,PER,2016,86.0,79.0
Peru,PER,2017,86.0,80.0
Peru,PER,2018,83.0,82.0
Peru,PER,2019,83.0,82.0
Philippines,PHL,2012,88.0,41.0
Philippines,PHL,2013,90.0,42.0
Philippines,PHL,2014,92.0,44.0
Philippines,PHL,2015,91.0,49.0
Philippines,PHL,2016,91.0,57.0
Philippines,PHL,2017,91.0,54.0
Philippines,PHL,2018,83.0,62.0
Philippines,PHL,2019,86.0,67.0
Poland,POL,2000,72.0,87.0
Poland,POL,2001,76.0,87.0
Poland,POL,2002,86.0,87.0
Poland,POL,2003,78.0,87.0
Poland,POL,2004,46.0,87.0
Poland,POL,2005,78.0,87.0
Poland,POL,2006,77.0,87.0
Poland,POL,2007,78.0,87.0
Poland,POL,2008,75.0,87.0
Poland,POL,2009,68.0,87.0
Poland,POL,2010,67.0,87.0
Poland,POL,2011,62.0,87.0
Poland,POL,2012,60.0,87.0
Poland,POL,2013,59.0,87.0
Poland,POL,2014,58.0,87.0
Poland,POL,2015,53.0,87.0
Poland,POL,2016,54.0,87.0
Portugal,PRT,2000,79.0,87.0
Portugal,PRT,2001,78.0,87.0
Portugal,PRT,2002,82.0,87.0
Portugal,PRT,2003,84.0,87.0
Portugal,PRT,2004,83.0,87.0
Portugal,PRT,2005,87.0,87.0
Portugal,PRT,2006,87.0,87.0
Portugal,PRT,2007,85.0,87.0
Portugal,PRT,2008,87.0,87.0
Portugal,PRT,2009,83.0,87.0
Portugal,PRT,2010,74.0,87.0
Portugal,PRT,2011,77.0,87.0
Portugal,PRT,2012,78.0,87.0
Portugal,PRT,2013,74.0,87.0
Portugal,PRT,2014,72.0,87.0
Portugal,PRT,2015,72.0,87.0
Portugal,PRT,2016,70.0,87.0
Portugal,PRT,2017,73.0,87.0
Portugal,PRT,2018,67.0,87.0
Portugal,PRT,2019,71.0,87.0
Qatar,QAT,2000,66.0,87.0
Qatar,QAT,2001,60.0,87.0
Qatar,QAT,2002,75.0,87.0
Qatar,QAT,2003,73.0,87.0
Qatar,QAT,2004,78.0,87.0
Qatar,QAT,2005,83.0,87.0
Qatar,QAT,2006,69.0,87.0
Qatar,QAT,2007,87.0,87.0
Qatar,QAT,2008,88.0,87.0
Qatar,QAT,2009,86.0,87.0
Qatar,QAT,2010,87.0,87.0
Qatar,QAT,2011,70.0,87.0
Qatar,QAT,2015,70.0,87.0
Qatar,QAT,2016,69.0,87.0
Qatar,QAT,2017,64.0,87.0
Qatar,QAT,2018,71.0,87.0
Qatar,QAT,2019,73.0,87.0
Qatar,QAT,2014,,87.0
Romania,ROU,2000,70.0,87.0
Romania,ROU,2001,75.0,87.0
Romania,ROU,2002,74.0,87.0
Romania,ROU,2003,80.0,87.0
Romania,ROU,2004,82.0,87.0
Romania,ROU,2005,85.0,87.0
Romania,ROU,2006,85.0,87.0
Romania,ROU,2007,86.0,87.0
Romania,ROU,2008,86.0,87.0
Romania,ROU,2009,87.0,87.0
Romania,ROU,2010,84.0,87.0
Romania,ROU,2011,86.0,87.0
Romania,ROU,2012,85.0,87.0
Romania,ROU,2013,85.0,87.0
Romania,ROU,2014,85.0,87.0
Romania,ROU,2015,85.0,87.0
Romania,ROU,2016,86.0,87.0
Romania,ROU,2017,86.0,87.0
Romania,ROU,2018,84.0,87.0
Romania,ROU,2019,84.0,87.0
Russia,RUS,2000,68.0,100.0
Russia,RUS,2001,67.0,98.0
Russia,RUS,2002,67.0,99.0
Russia,RUS,2003,61.0,100.0
Russia,RUS,2004,65.0,96.0
Russia,RUS,2005,67.0,100.0
Russia,RUS,2006,69.0,99.0
Russia,RUS,2007,69.0,99.0
Russia,RUS,2008,69.0,100.0
Russia,RUS,2009,68.0,100.0
Russia,RUS,2010,66.0,100.0
Russia,RUS,2011,65.0,97.0
Russia,RUS,2012,69.0,96.0
Russia,RUS,2013,68.0,100.0
Russia,RUS,2014,69.0,100.0
Russia,RUS,2015,71.0,100.0
Russia,RUS,2016,72.0,100.0
Russia,RUS,2017,69.0,99.0
Russia,RUS,2018,69.0,99.0
Russia,RUS,2019,68.0,100.0
Rwanda,RWA,2000,61.0,78.0
Rwanda,RWA,2002,58.0,81.0
Rwanda,RWA,2003,67.0,80.0
Rwanda,RWA,2004,77.0,79.0
Rwanda,RWA,2005,74.0,78.0
Rwanda,RWA,2006,77.0,78.0
Rwanda,RWA,2007,80.0,78.0
Rwanda,RWA,2008,82.0,78.0
Rwanda,RWA,2009,79.0,78.0
Rwanda,RWA,2010,82.0,78.0
Rwanda,RWA,2011,84.0,78.0
Rwanda,RWA,2012,84.0,78.0
Rwanda,RWA,2013,85.0,78.0
Rwanda,RWA,2014,86.0,78.0
Rwanda,RWA,2015,87.0,78.0
Rwanda,RWA,2016,86.0,78.0
Rwanda,RWA,2017,86.0,78.0
Rwanda,RWA,2018,86.0,79.0
Rwanda,RWA,2019,87.0,79.0
Saint Kitts and Nevis,KNA,2006,100.0,87.0
Saint Kitts and Nevis,KNA,2008,80.0,87.0
Saint Kitts and Nevis,KNA,2009,80.0,87.0
Saint Kitts and Nevis,KNA,2010,100.0,87.0
Saint Kitts and Nevis,KNA,2011,100.0,87.0
Saint Kitts and Nevis,KNA,2012,100.0,87.0
Saint Kitts and Nevis,KNA,2019,100.0,87.0
Saint Kitts and Nevis,KNA,2014,,87.0
Saint Lucia,LCA,2000,100.0,87.0
Saint Lucia,LCA,2001,50.0,87.0
Saint Lucia,LCA,2003,89.0,87.0
Saint Lucia,LCA,2004,69.0,87.0
Saint Lucia,LCA,2005,69.0,87.0
Saint Lucia,LCA,2006,81.0,87.0
Saint Lucia,LCA,2007,86.0,87.0
Saint Lucia,LCA,2008,95.0,87.0
Saint Lucia,LCA,2009,50.0,87.0
Saint Lucia,LCA,2010,89.0,87.0
Saint Lucia,LCA,2011,57.0,87.0
Saint Lucia,LCA,2012,64.0,87.0
Saint Lucia,LCA,2013,100.0,87.0
Saint Lucia,LCA,2016,67.0,87.0
Saint Lucia,LCA,2017,91.0,87.0
Saint Lucia,LCA,2018,100.0,87.0
Saint Lucia,LCA,2019,67.0,87.0
Saint Vincent and the Grenadines,VCT,2000,100.0,82.0
Saint Vincent and the Grenadines,VCT,2001,80.0,83.0
Saint Vincent and the Grenadines,VCT,2004,86.0,84.0
Saint Vincent and the Grenadines,VCT,2006,57.0,85.0
Saint Vincent and the Grenadines,VCT,2008,91.0,85.0
Saint Vincent and the Grenadines,VCT,2011,41.0,87.0
Saint Vincent and the Grenadines,VCT,2016,67.0,90.0
Saint Vincent and the Grenadines,VCT,2017,67.0,90.0
Saint Vincent and the Grenadines,VCT,2019,100.0,92.0
Samoa,WSM,2000,92.0,87.0
Samoa,WSM,2001,77.0,87.0
Samoa,WSM,2002,84.0,87.0
Samoa,WSM,2004,79.0,87.0
Samoa,WSM,2005,96.0,87.0
Samoa,WSM,2008,59.0,87.0
Samoa,WSM,2009,83.0,87.0
Samoa,WSM,2010,86.0,87.0
Samoa,WSM,2011,83.0,87.0
Samoa,WSM,2012,86.0,87.0
Samoa,WSM,2013,83.0,87.0
Samoa,WSM,2014,78.0,87.0
Samoa,WSM,2015,95.0,87.0
Samoa,WSM,2016,85.0,87.0
Samoa,WSM,2017,57.0,87.0
Samoa,WSM,2018,73.0,87.0
Samoa,WSM,2019,89.0,87.0
Sao Tome and Principe,STP,2000,78.0,57.0
Sao Tome and Principe,STP,2001,63.0,57.0
Sao Tome and Principe,STP,2002,76.0,56.0
Sao Tome and Principe,STP,2003,71.0,240.0
Sao Tome and Principe,STP,2004,71.0,56.0
Sao Tome and Principe,STP,2005,96.0,56.0
Sao Tome and Principe,STP,2006,99.0,56.0
Sao Tome and Principe,STP,2007,89.0,56.0
Sao Tome and Principe,STP,2008,92.0,56.0
Sao Tome and Principe,STP,2009,85.0,56.0
Sao Tome and Principe,STP,2010,76.0,57.0
Sao Tome and Principe,STP,2011,69.0,57.0
Sao Tome and Principe,STP,2012,70.0,57.0
Sao Tome and Principe,STP,2013,73.0,57.0
Sao Tome and Principe,STP,2014,74.0,57.0
Sao Tome and Principe,STP,2015,78.0,57.0
Sao Tome and Principe,STP,2016,78.0,57.0
Sao Tome and Principe,STP,2017,75.0,57.0
Sao Tome and Principe,STP,2018,72.0,57.0
Sao Tome and Principe,STP,2019,70.0,57.0
Saudi Arabia,SAU,2000,73.0,87.0
Saudi Arabia,SAU,2001,77.0,87.0
Saudi Arabia,SAU,2002,76.0,87.0
Saudi Arabia,SAU,2003,79.0,87.0
Saudi Arabia,SAU,2004,82.0,87.0
Saudi Arabia,SAU,2005,67.0,87.0
Saudi Arabia,SAU,2006,68.0,87.0
Saudi Arabia,SAU,2007,67.0,87.0
Saudi Arabia,SAU,2008,61.0,87.0
Saudi Arabia,SAU,2009,65.0,87.0
Saudi Arabia,SAU,2010,61.0,87.0
Saudi Arabia,SAU,2011,61.0,87.0
Saudi Arabia,SAU,2012,64.0,87.0
Saudi Arabia,SAU,2013,56.0,87.0
Saudi Arabia,SAU,2014,62.0,87.0
Saudi Arabia,SAU,2015,72.0,87.0
Saudi Arabia,SAU,2016,75.0,87.0
Saudi Arabia,SAU,2017,90.0,87.0
Saudi Arabia,SAU,2018,90.0,87.0
Saudi Arabia,SAU,2019,90.0,87.0
Senegal,SEN,2000,52.0,57.0
Senegal,SEN,2001,53.0,56.0
Senegal,SEN,2002,66.0,55.0
Senegal,SEN,2003,70.0,61.0
Senegal,SEN,2004,74.0,59.0
Senegal,SEN,2005,76.0,63.0
Senegal,SEN,2006,76.0,65.0
Senegal,SEN,2007,68.0,65.0
Senegal,SEN,2008,79.0,68.0
Senegal,SEN,2009,81.0,68.0
Senegal,SEN,2010,82.0,67.0
Senegal,SEN,2011,83.0,66.0
Senegal,SEN,2012,84.0,72.0
Senegal,SEN,2013,87.0,76.0
Senegal,SEN,2014,87.0,76.0
Senegal,SEN,2015,86.0,75.0
Senegal,SEN,2016,86.0,72.0
Senegal,SEN,2017,87.0,73.0
Senegal,SEN,2018,89.0,72.0
Senegal,SEN,2019,91.0,72.0
Serbia,SRB,2005,83.0,100.0
Serbia,SRB,2006,82.0,100.0
Serbia,SRB,2007,83.0,100.0
Serbia,SRB,2008,88.0,100.0
Serbia,SRB,2009,87.0,100.0
Serbia,SRB,2010,88.0,100.0
Serbia,SRB,2011,86.0,100.0
Serbia,SRB,2012,84.0,100.0
Serbia,SRB,2013,78.0,100.0
Serbia,SRB,2014,81.0,100.0
Serbia,SRB,2015,89.0,100.0
Serbia,SRB,2016,83.0,100.0
Serbia,SRB,2017,86.0,100.0
Serbia,SRB,2018,82.0,100.0
Serbia,SRB,2019,85.0,100.0
Seychelles,SYC,2000,82.0,87.0
Seychelles,SYC,2001,67.0,87.0
Seychelles,SYC,2002,45.0,87.0
Seychelles,SYC,2003,100.0,87.0
Seychelles,SYC,2004,89.0,87.0
Seychelles,SYC,2008,100.0,87.0
Seychelles,SYC,2009,73.0,87.0
Seychelles,SYC,2010,76.0,87.0
Seychelles,SYC,2011,48.0,87.0
Seychelles,SYC,2012,85.0,87.0
Seychelles,SYC,2013,79.0,87.0
Seychelles,SYC,2014,69.0,87.0
Seychelles,SYC,2015,88.0,87.0
Seychelles,SYC,2016,60.0,87.0
Seychelles,SYC,2017,56.0,87.0
Seychelles,SYC,2018,67.0,87.0
Seychelles,SYC,2019,57.0,87.0
Sierra Leone,SLE,2006,86.0,44.0
Sierra Leone,SLE,2007,88.0,50.0
Sierra Leone,SLE,2008,86.0,56.0
Sierra Leone,SLE,2009,80.0,58.0
Sierra Leone,SLE,2010,86.0,63.0
Sierra Leone,SLE,2011,87.0,61.0
Sierra Leone,SLE,2012,90.0,61.0
Sierra Leone,SLE,2013,87.0,55.0
Sierra Leone,SLE,2014,85.0,56.0
Sierra Leone,SLE,2015,88.0,53.0
Sierra Leone,SLE,2016,89.0,62.0
Sierra Leone,SLE,2017,90.0,69.0
Sierra Leone,SLE,2018,89.0,73.0
Sierra Leone,SLE,2019,88.0,75.0
Singapore,SGP,2000,71.0,87.0
Singapore,SGP,2001,77.0,87.0
Singapore,SGP,2002,76.0,87.0
Singapore,SGP,2003,77.0,87.0
Singapore,SGP,2004,79.0,87.0
Singapore,SGP,2005,81.0,87.0
Singapore,SGP,2006,82.0,87.0
Singapore,SGP,2007,82.0,87.0
Singapore,SGP,2008,82.0,87.0
Singapore,SGP,2009,83.0,87.0
Singapore,SGP,2010,81.0,87.0
Singapore,SGP,2011,83.0,87.0
Singapore,SGP,2012,75.0,87.0
Singapore,SGP,2013,77.0,87.0
Singapore,SGP,2014,78.0,87.0
Singapore,SGP,2015,79.0,87.0
Singapore,SGP,2016,79.0,87.0
Singapore,SGP,2017,79.0,87.0
Singapore,SGP,2018,80.0,87.0
Singapore,SGP,2019,79.0,87.0
Slovakia,SVK,2000,82.0,87.0
Slovakia,SVK,2001,87.0,87.0
Slovakia,SVK,2002,85.0,87.0
Slovakia,SVK,2003,87.0,87.0
Slovakia,SVK,2004,89.0,87.0
Slovakia,SVK,2005,93.0,87.0
Slovakia,SVK,2006,87.0,87.0
Slovakia,SVK,2007,89.0,87.0
Slovakia,SVK,2008,91.0,87.0
Slovakia,SVK,2009,87.0,87.0
Slovakia,SVK,2010,88.0,87.0
Slovakia,SVK,2011,93.0,87.0
Slovakia,SVK,2012,88.0,87.0
Slovakia,SVK,2013,94.0,87.0
Slovakia,SVK,2014,88.0,87.0
Slovakia,SVK,2015,86.0,87.0
Slovakia,SVK,2016,86.0,87.0
Slovakia,SVK,2017,92.0,87.0
Slovakia,SVK,2018,92.0,87.0
Slovakia,SVK,2019,94.0,87.0
Slovenia,SVN,2000,84.0,87.0
Slovenia,SVN,2001,82.0,87.0
Slovenia,SVN,2002,85.0,87.0
Slovenia,SVN,2003,85.0,87.0
Slovenia,SVN,2004,83.0,87.0
Slovenia,SVN,2005,82.0,87.0
Slovenia,SVN,2006,83.0,87.0
Slovenia,SVN,2007,84.0,87.0
Slovenia,SVN,2008,79.0,87.0
Slovenia,SVN,2009,84.0,87.0
Slovenia,SVN,2010,82.0,87.0
Slovenia,SVN,2011,81.0,87.0
Slovenia,SVN,2012,81.0,87.0
Slovenia,SVN,2013,77.0,87.0
Slovenia,SVN,2014,77.0,87.0
Slovenia,SVN,2015,81.0,87.0
Slovenia,SVN,2016,71.0,87.0
Slovenia,SVN,2017,77.0,87.0
Slovenia,SVN,2018,78.0,87.0
Slovenia,SVN,2019,70.0,87.0
Solomon Islands,SLB,2000,81.0,80.0
Solomon Islands,SLB,2001,89.0,80.0
Solomon Islands,SLB,2002,90.0,80.0
Solomon Islands,SLB,2003,87.0,80.0
Solomon Islands,SLB,2004,85.0,80.0
Solomon Islands,SLB,2005,88.0,80.0
Solomon Islands,SLB,2006,88.0,80.0
Solomon Islands,SLB,2007,90.0,80.0
Solomon Islands,SLB,2008,93.0,80.0
Solomon Islands,SLB,2009,88.0,80.0
Solomon Islands,SLB,2010,89.0,80.0
Solomon Islands,SLB,2011,91.0,80.0
Solomon Islands,SLB,2012,88.0,80.0
Solomon Islands,SLB,2013,94.0,80.0
Solomon Islands,SLB,2014,91.0,80.0
Solomon Islands,SLB,2015,94.0,80.0
Solomon Islands,SLB,2016,94.0,80.0
Solomon Islands,SLB,2017,92.0,80.0
Solomon Islands,SLB,2018,92.0,80.0
Solomon Islands,SLB,2019,95.0,80.0
Somalia,SOM,2004,91.0,41.0
Somalia,SOM,2005,89.0,43.0
Somalia,SOM,2017,86.0,42.0
Somalia,SOM,2018,87.0,41.0
Somalia,SOM,2019,92.0,41.0
South Africa,ZAF,2000,63.0,42.0
South Africa,ZAF,2002,68.0,46.0
South Africa,ZAF,2003,67.0,44.0
South Africa,ZAF,2004,65.0,48.0
South Africa,ZAF,2005,69.0,45.0
South Africa,ZAF,2006,70.0,49.0
South Africa,ZAF,2007,71.0,50.0
South Africa,ZAF,2008,73.0,54.0
South Africa,ZAF,2009,68.0,56.0
South Africa,ZAF,2010,53.0,56.0
South Africa,ZAF,2011,77.0,58.0
South Africa,ZAF,2012,77.0,52.0
South Africa,ZAF,2013,78.0,52.0
South Africa,ZAF,2014,78.0,52.0
South Africa,ZAF,2015,81.0,52.0
South Africa,ZAF,2016,82.0,52.0
South Africa,ZAF,2017,77.0,58.0
South Africa,ZAF,2018,71.0,59.0
South Africa,ZAF,2019,79.0,59.0
South Korea,KOR,2000,83.0,94.0
South Korea,KOR,2001,79.0,94.0
South Korea,KOR,2002,83.0,94.0
South Korea,KOR,2003,82.0,94.0
South Korea,KOR,2004,81.0,94.0
South Korea,KOR,2005,83.0,94.0
South Korea,KOR,2006,82.0,94.0
South Korea,KOR,2007,83.0,94.0
South Korea,KOR,2008,84.0,94.0
South Korea,KOR,2009,83.0,94.0
South Korea,KOR,2010,89.0,94.0
South Korea,KOR,2011,81.0,94.0
South Korea,KOR,2012,81.0,94.0
South Korea,KOR,2013,82.0,94.0
South Korea,KOR,2014,81.0,94.0
South Korea,KOR,2015,84.0,94.0
South Korea,KOR,2016,84.0,94.0
South Korea,KOR,2017,83.0,94.0
South Korea,KOR,2018,82.0,94.0
South Korea,KOR,2019,82.0,94.0
South Sudan,SSD,2016,82.0,43.0
South Sudan,SSD,2017,80.0,42.0
South Sudan,SSD,2018,81.0,62.0
South Sudan,SSD,2019,85.0,69.0
Spain,ESP,2010,69.0,87.0
Spain,ESP,2011,72.0,87.0
Spain,ESP,2012,71.0,87.0
Spain,ESP,2013,75.0,87.0
Spain,ESP,2014,58.0,87.0
Spain,ESP,2016,69.0,87.0
Spain,ESP,2017,61.0,87.0
Spain,ESP,2018,45.0,87.0
Spain,ESP,2019,47.0,87.0
Spain,ESP,2015,,87.0
Sri Lanka,LKA,2000,79.0,68.0
Sri Lanka,LKA,2001,80.0,60.0
Sri Lanka,LKA,2002,81.0,71.0
Sri Lanka,LKA,2003,80.0,73.0
Sri Lanka,LKA,2004,85.0,68.0
Sri Lanka,LKA,2005,87.0,73.0
Sri Lanka,LKA,2006,87.0,66.0
Sri Lanka,LKA,2007,88.0,67.0
Sri Lanka,LKA,2008,87.0,70.0
Sri Lanka,LKA,2009,87.0,71.0
Sri Lanka,LKA,2010,88.0,73.0
Sri Lanka,LKA,2011,88.0,74.0
Sri Lanka,LKA,2012,86.0,66.0
Sri Lanka,LKA,2013,85.0,67.0
Sri Lanka,LKA,2014,84.0,67.0
Sri Lanka,LKA,2015,85.0,67.0
Sri Lanka,LKA,2016,85.0,62.0
Sri Lanka,LKA,2017,85.0,60.0
Sri Lanka,LKA,2018,85.0,62.0
Sri Lanka,LKA,2019,85.0,60.0
Sudan,SDN,2000,75.0,52.0
Sudan,SDN,2001,80.0,52.0
Sudan,SDN,2002,78.0,52.0
Sudan,SDN,2003,82.0,52.0
Sudan,SDN,2004,78.0,52.0
Sudan,SDN,2005,79.0,52.0
Sudan,SDN,2006,83.0,52.0
Sudan,SDN,2007,74.0,51.0
Sudan,SDN,2008,77.0,51.0
Sudan,SDN,2009,76.0,51.0
Sudan,SDN,2010,75.0,51.0
Sudan,SDN,2011,68.0,53.0
Sudan,SDN,2012,75.0,52.0
Sudan,SDN,2013,82.0,53.0
Sudan,SDN,2014,82.0,56.0
Sudan,SDN,2015,79.0,56.0
Sudan,SDN,2016,78.0,63.0
Sudan,SDN,2017,80.0,66.0
Sudan,SDN,2018,84.0,67.0
Sudan,SDN,2019,83.0,69.0
Suriname,SUR,2000,68.0,79.0
Suriname,SUR,2001,56.0,78.0
Suriname,SUR,2002,67.0,78.0
Suriname,SUR,2003,69.0,77.0
Suriname,SUR,2004,70.0,77.0
Suriname,SUR,2008,54.0,77.0
Suriname,SUR,2009,62.0,78.0
Suriname,SUR,2010,54.0,78.0
Suriname,SUR,2011,76.0,78.0
Suriname,SUR,2012,66.0,78.0
Suriname,SUR,2013,77.0,78.0
Suriname,SUR,2014,77.0,78.0
Suriname,SUR,2015,76.0,78.0
Suriname,SUR,2016,68.0,78.0
Suriname,SUR,2017,73.0,78.0
Suriname,SUR,2018,87.0,78.0
Suriname,SUR,2019,79.0,77.0
Sweden,SWE,2000,79.0,87.0
Sweden,SWE,2001,62.0,87.0
Sweden,SWE,2002,73.0,87.0
Sweden,SWE,2003,83.0,87.0
Sweden,SWE,2004,64.0,87.0
Sweden,SWE,2005,69.0,87.0
Sweden,SWE,2006,63.0,87.0
Sweden,SWE,2007,68.0,87.0
Sweden,SWE,2008,90.0,87.0
Sweden,SWE,2009,88.0,87.0
Sweden,SWE,2010,88.0,87.0
Sweden,SWE,2011,87.0,87.0
Sweden,SWE,2012,83.0,87.0
Sweden,SWE,2013,90.0,87.0
Sweden,SWE,2014,88.0,87.0
Sweden,SWE,2015,87.0,87.0
Sweden,SWE,2016,91.0,87.0
Sweden,SWE,2017,87.0,87.0
Sweden,SWE,2018,78.0,87.0
Sweden,SWE,2019,61.0,87.0
Switzerland,CHE,2016,68.0,87.0
Switzerland,CHE,2017,78.0,87.0
Switzerland,CHE,2018,82.0,87.0
Switzerland,CHE,2019,68.0,87.0
Switzerland,CHE,2014,,87.0
Switzerland,CHE,2015,,87.0
Syria,SYR,2000,78.0,81.0
Syria,SYR,2001,81.0,80.0
Syria,SYR,2002,87.0,80.0
Syria,SYR,2003,88.0,79.0
Syria,SYR,2004,88.0,79.0
Syria,SYR,2005,89.0,79.0
Syria,SYR,2006,88.0,78.0
Syria,SYR,2007,88.0,77.0
Syria,SYR,2008,87.0,77.0
Syria,SYR,2009,90.0,78.0
Syria,SYR,2010,91.0,77.0
Syria,SYR,2011,84.0,74.0
Syria,SYR,2012,53.0,72.0
Syria,SYR,2013,80.0,73.0
Syria,SYR,2014,70.0,75.0
Syria,SYR,2015,91.0,75.0
Syria,SYR,2016,90.0,74.0
Syria,SYR,2017,86.0,72.0
Syria,SYR,2018,89.0,70.0
Syria,SYR,2019,89.0,68.0
Tajikistan,TJK,2003,46.0,61.0
Tajikistan,TJK,2006,66.0,42.0
Tajikistan,TJK,2007,88.0,52.0
Tajikistan,TJK,2008,88.0,56.0
Tajikistan,TJK,2009,87.0,69.0
Tajikistan,TJK,2010,86.0,72.0
Tajikistan,TJK,2011,87.0,77.0
Tajikistan,TJK,2012,83.0,76.0
Tajikistan,TJK,2013,88.0,69.0
Tajikistan,TJK,2014,89.0,77.0
Tajikistan,TJK,2015,89.0,80.0
Tajikistan,TJK,2016,89.0,80.0
Tajikistan,TJK,2017,91.0,78.0
Tajikistan,TJK,2018,89.0,75.0
Tajikistan,TJK,2019,91.0,74.0
Tanzania,TZA,2016,90.0,41.0
Tanzania,TZA,2017,90.0,45.0
Tanzania,TZA,2018,92.0,51.0
Tanzania,TZA,2019,93.0,57.0
Thailand,THA,2008,80.0,42.0
Thailand,THA,2009,84.0,50.0
Thailand,THA,2010,83.0,54.0
Thailand,THA,2011,82.0,54.0
Thailand,THA,2012,81.0,51.0
Thailand,THA,2013,81.0,54.0
Thailand,THA,2014,80.0,58.0
Thailand,THA,2015,79.0,54.0
Thailand,THA,2016,83.0,62.0
Thailand,THA,2017,84.0,72.0
Thailand,THA,2018,85.0,78.0
Thailand,THA,2019,85.0,82.0
Togo,TGO,2002,68.0,56.0
Togo,TGO,2003,63.0,56.0
Togo,TGO,2004,66.0,60.0
Togo,TGO,2005,71.0,63.0
Togo,TGO,2006,67.0,65.0
Togo,TGO,2007,77.0,53.0
Togo,TGO,2008,82.0,61.0
Togo,TGO,2009,83.0,60.0
Togo,TGO,2010,85.0,56.0
Togo,TGO,2011,85.0,59.0
Togo,TGO,2012,86.0,59.0
Togo,TGO,2013,88.0,57.0
Togo,TGO,2014,88.0,60.0
Togo,TGO,2015,86.0,67.0
Togo,TGO,2016,85.0,78.0
Togo,TGO,2017,82.0,80.0
Togo,TGO,2018,81.0,79.0
Togo,TGO,2019,87.0,84.0
Tonga,TON,2000,93.0,87.0
Tonga,TON,2001,92.0,87.0
Tonga,TON,2002,83.0,87.0
Tonga,TON,2005,74.0,87.0
Tonga,TON,2006,100.0,87.0
Tonga,TON,2007,96.0,87.0
Tonga,TON,2008,92.0,87.0
Tonga,TON,2009,88.0,87.0
Tonga,TON,2010,90.0,87.0
Tonga,TON,2011,100.0,87.0
Tonga,TON,2012,100.0,87.0
Tonga,TON,2013,90.0,87.0
Tonga,TON,2014,100.0,87.0
Tonga,TON,2015,93.0,87.0
Tonga,TON,2016,100.0,87.0
Tonga,TON,2017,82.0,87.0
Tonga,TON,2018,100.0,87.0
Tonga,TON,2019,100.0,87.0
Trinidad and Tobago,TTO,2000,68.0,87.0
Trinidad and Tobago,TTO,2001,72.0,87.0
Trinidad and Tobago,TTO,2003,73.0,87.0
Trinidad and Tobago,TTO,2004,59.0,87.0
Trinidad and Tobago,TTO,2005,68.0,87.0
Trinidad and Tobago,TTO,2006,54.0,87.0
Trinidad and Tobago,TTO,2007,61.0,87.0
Trinidad and Tobago,TTO,2008,63.0,87.0
Trinidad and Tobago,TTO,2009,66.0,87.0
Trinidad and Tobago,TTO,2010,71.0,87.0
Trinidad and Tobago,TTO,2011,69.0,87.0
Trinidad and Tobago,TTO,2012,63.0,87.0
Trinidad and Tobago,TTO,2013,62.0,87.0
Trinidad and Tobago,TTO,2014,64.0,87.0
Trinidad and Tobago,TTO,2015,63.0,87.0
Trinidad and Tobago,TTO,2016,75.0,87.0
Trinidad and Tobago,TTO,2017,67.0,87.0
Trinidad and Tobago,TTO,2018,64.0,87.0
Trinidad and Tobago,TTO,2019,61.0,87.0
Tunisia,TUN,2000,91.0,79.0
Tunisia,TUN,2001,90.0,78.0
Tunisia,TUN,2002,92.0,78.0
Tunisia,TUN,2003,91.0,78.0
Tunisia,TUN,2004,90.0,78.0
Tunisia,TUN,2005,90.0,78.0
Tunisia,TUN,2006,91.0,78.0
Tunisia,TUN,2007,89.0,78.0
Tunisia,TUN,2008,86.0,78.0
Tunisia,TUN,2009,83.0,78.0
Tunisia,TUN,2010,85.0,78.0
Tunisia,TUN,2011,78.0,78.0
Tunisia,TUN,2012,89.0,78.0
Tunisia,TUN,2013,91.0,78.0
Tunisia,TUN,2014,91.0,77.0
Tunisia,TUN,2015,91.0,77.0
Tunisia,TUN,2016,88.0,77.0
Tunisia,TUN,2017,89.0,77.0
Tunisia,TUN,2019,90.0,78.0
Tunisia,TUN,2018,,78.0
Turkey,TUR,2000,73.0,86.0
Turkey,TUR,2001,72.0,86.0
Turkey,TUR,2002,65.0,86.0
Turkey,TUR,2003,72.0,86.0
Turkey,TUR,2004,81.0,86.0
Turkey,TUR,2005,88.0,86.0
Turkey,TUR,2006,91.0,86.0
Turkey,TUR,2007,91.0,86.0
Turkey,TUR,2008,91.0,86.0
Turkey,TUR,2009,90.0,86.0
Turkey,TUR,2010,89.0,86.0
Turkey,TUR,2011,90.0,86.0
Turkey,TUR,2012,88.0,86.0
Turkey,TUR,2013,86.0,86.0
Turkey,TUR,2014,87.0,86.0
Turkey,TUR,2015,87.0,86.0
Turkey,TUR,2016,87.0,86.0
Turkey,TUR,2017,86.0,86.0
Turkey,TUR,2018,85.0,86.0
Turkey,TUR,2019,83.0,87.0
Turkmenistan,TKM,2000,81.0,79.0
Turkmenistan,TKM,2001,64.0,79.0
Turkmenistan,TKM,2002,74.0,78.0
Turkmenistan,TKM,2003,71.0,78.0
Turkmenistan,TKM,2004,91.0,78.0
Turkmenistan,TKM,2005,89.0,78.0
Turkmenistan,TKM,2006,90.0,78.0
Turkmenistan,TKM,2007,87.0,78.0
Turkmenistan,TKM,2008,89.0,77.0
Turkmenistan,TKM,2009,84.0,77.0
Turkmenistan,TKM,2010,87.0,77.0
Turkmenistan,TKM,2011,87.0,77.0
Turkmenistan,TKM,2012,84.0,77.0
Turkmenistan,TKM,2013,72.0,77.0
Turkmenistan,TKM,2014,85.0,77.0
Turkmenistan,TKM,2015,87.0,77.0
Turkmenistan,TKM,2016,84.0,77.0
Turkmenistan,TKM,2017,85.0,77.0
Turkmenistan,TKM,2018,83.0,77.0
Turkmenistan,TKM,2019,83.0,77.0
Tuvalu,TUV,2000,86.0,85.0
Tuvalu,TUV,2005,86.0,88.0
Tuvalu,TUV,2006,78.0,88.0
Tuvalu,TUV,2007,74.0,88.0
Tuvalu,TUV,2008,88.0,87.0
Tuvalu,TUV,2009,83.0,87.0
Tuvalu,TUV,2010,93.0,87.0
Tuvalu,TUV,2011,83.0,86.0
Tuvalu,TUV,2012,70.0,86.0
Tuvalu,TUV,2013,78.0,86.0
Tuvalu,TUV,2014,47.0,88.0
Tuvalu,TUV,2015,79.0,89.0
Tuvalu,TUV,2016,81.0,90.0
Tuvalu,TUV,2017,68.0,91.0
Tuvalu,TUV,2018,93.0,92.0
Tuvalu,TUV,2019,87.0,93.0
Uganda,UGA,2000,63.0,46.0
Uganda,UGA,2001,56.0,56.0
Uganda,UGA,2002,60.0,62.0
Uganda,UGA,2003,68.0,66.0
Uganda,UGA,2004,70.0,67.0
Uganda,UGA,2005,73.0,63.0
Uganda,UGA,2006,68.0,62.0
Uganda,UGA,2007,72.0,62.0
Uganda,UGA,2008,67.0,64.0
Uganda,UGA,2009,64.0,62.0
Uganda,UGA,2010,68.0,63.0
Uganda,UGA,2011,73.0,67.0
Uganda,UGA,2012,77.0,64.0
Uganda,UGA,2013,75.0,64.0
Uganda,UGA,2014,75.0,60.0
Uganda,UGA,2015,75.0,55.0
Uganda,UGA,2016,77.0,56.0
Uganda,UGA,2017,72.0,57.0
Uganda,UGA,2018,74.0,67.0
Uganda,UGA,2019,82.0,77.0
Ukraine,UKR,2006,70.0,71.0
Ukraine,UKR,2007,71.0,66.0
Ukraine,UKR,2008,71.0,69.0
Ukraine,UKR,2009,60.0,69.0
Ukraine,UKR,2010,69.0,67.0
Ukraine,UKR,2011,67.0,72.0
Ukraine,UKR,2012,71.0,90.0
Ukraine,UKR,2013,71.0,84.0
Ukraine,UKR,2014,72.0,74.0
Ukraine,UKR,2015,75.0,74.0
Ukraine,UKR,2016,76.0,74.0
Ukraine,UKR,2017,76.0,73.0
Ukraine,UKR,2018,77.0,74.0
Ukraine,UKR,2019,79.0,75.0
United Arab Emirates,ARE,2000,74.0,87.0
United Arab Emirates,ARE,2001,62.0,87.0
United Arab Emirates,ARE,2002,79.0,87.0
United Arab Emirates,ARE,2003,64.0,87.0
United Arab Emirates,ARE,2004,71.0,87.0
United Arab Emirates,ARE,2005,77.0,87.0
United Arab Emirates,ARE,2006,92.0,87.0
United Arab Emirates,ARE,2007,75.0,87.0
United Arab Emirates,ARE,2008,70.0,87.0
United Arab Emirates,ARE,2009,69.0,87.0
United Arab Emirates,ARE,2010,72.0,87.0
United Arab Emirates,ARE,2011,69.0,87.0
United Arab Emirates,ARE,2012,76.0,87.0
United Arab Emirates,ARE,2013,75.0,87.0
United Arab Emirates,ARE,2014,91.0,87.0
United Arab Emirates,ARE,2015,85.0,87.0
United Arab Emirates,ARE,2016,88.0,87.0
United Arab Emirates,ARE,2017,88.0,87.0
United Arab Emirates,ARE,2018,80.0,87.0
United Arab Emirates,ARE,2019,81.0,87.0
United Kingdom,GBR,2001,67.0,89.0
United Kingdom,GBR,2002,70.0,89.0
United Kingdom,GBR,2003,71.0,89.0
United Kingdom,GBR,2004,71.0,89.0
United Kingdom,GBR,2005,71.0,89.0
United Kingdom,GBR,2006,74.0,89.0
United Kingdom,GBR,2007,76.0,89.0
United Kingdom,GBR,2008,77.0,89.0
United Kingdom,GBR,2009,81.0,89.0
United Kingdom,GBR,2010,81.0,89.0
United Kingdom,GBR,2011,79.0,89.0
United Kingdom,GBR,2012,80.0,89.0
United Kingdom,GBR,2013,82.0,89.0
United Kingdom,GBR,2014,81.0,89.0
United Kingdom,GBR,2015,79.0,89.0
United Kingdom,GBR,2016,81.0,89.0
United Kingdom,GBR,2017,81.0,89.0
United Kingdom,GBR,2018,80.0,89.0
United Kingdom,GBR,2019,78.0,89.0
United States,USA,2000,83.0,87.0
United States,USA,2001,83.0,87.0
United States,USA,2002,83.0,87.0
United States,USA,2003,83.0,87.0
United States,USA,2004,84.0,87.0
United States,USA,2005,83.0,87.0
United States,USA,2006,84.0,87.0
United States,USA,2007,85.0,87.0
United States,USA,2008,86.0,87.0
United States,USA,2009,62.0,87.0
United States,USA,2010,66.0,87.0
United States,USA,2011,80.0,87.0
United States,USA,2012,84.0,87.0
United States,USA,2013,83.0,87.0
United States,USA,2014,85.0,87.0
United States,USA,2015,83.0,87.0
United States,USA,2016,80.0,87.0
United States,USA,2017,77.0,87.0
United States,USA,2018,79.0,87.0
United States,USA,2019,75.0,87.0
Uruguay,URY,2000,85.0,87.0
Uruguay,URY,2001,85.0,87.0
Uruguay,URY,2002,82.0,87.0
Uruguay,URY,2005,79.0,87.0
Uruguay,URY,2006,82.0,87.0
Uruguay,URY,2007,83.0,87.0
Uruguay,URY,2008,82.0,87.0
Uruguay,URY,2009,77.0,87.0
Uruguay,URY,2010,84.0,87.0
Uruguay,URY,2011,84.0,87.0
Uruguay,URY,2012,78.0,87.0
Uruguay,URY,2013,79.0,87.0
Uruguay,URY,2014,75.0,87.0
Uruguay,URY,2015,77.0,87.0
Uruguay,URY,2016,73.0,87.0
Uruguay,URY,2017,73.0,87.0
Uruguay,URY,2018,72.0,87.0
Uruguay,URY,2019,73.0,87.0
Uzbekistan,UZB,2000,80.0,64.0
Uzbekistan,UZB,2001,76.0,64.0
Uzbekistan,UZB,2002,80.0,71.0
Uzbekistan,UZB,2003,85.0,80.0
Uzbekistan,UZB,2004,89.0,65.0
Uzbekistan,UZB,2005,85.0,68.0
Uzbekistan,UZB,2006,86.0,76.0
Uzbekistan,UZB,2007,81.0,66.0
Uzbekistan,UZB,2008,86.0,59.0
Uzbekistan,UZB,2009,86.0,70.0
Uzbekistan,UZB,2010,86.0,61.0
Uzbekistan,UZB,2011,85.0,57.0
Uzbekistan,UZB,2012,84.0,56.0
Uzbekistan,UZB,2013,83.0,81.0
Uzbekistan,UZB,2014,87.0,73.0
Uzbekistan,UZB,2015,89.0,67.0
Uzbekistan,UZB,2016,88.0,67.0
Uzbekistan,UZB,2017,89.0,72.0
Uzbekistan,UZB,2018,92.0,72.0
Uzbekistan,UZB,2019,90.0,73.0
Vanuatu,VUT,2000,88.0,72.0
Vanuatu,VUT,2001,88.0,72.0
Vanuatu,VUT,2002,79.0,72.0
Vanuatu,VUT,2003,75.0,73.0
Vanuatu,VUT,2004,95.0,63.0
Vanuatu,VUT,2005,82.0,42.0
Vanuatu,VUT,2006,84.0,73.0
Vanuatu,VUT,2007,86.0,69.0
Vanuatu,VUT,2008,94.0,59.0
Vanuatu,VUT,2009,93.0,78.0
Vanuatu,VUT,2010,81.0,68.0
Vanuatu,VUT,2011,82.0,65.0
Vanuatu,VUT,2012,91.0,75.0
Vanuatu,VUT,2013,85.0,75.0
Vanuatu,VUT,2014,87.0,66.0
Vanuatu,VUT,2015,77.0,79.0
Vanuatu,VUT,2016,88.0,63.0
Vanuatu,VUT,2017,96.0,62.0
Vanuatu,VUT,2018,90.0,66.0
Vanuatu,VUT,2019,85.0,74.0
Venezuela,VEN,2000,76.0,79.0
Venezuela,VEN,2001,78.0,79.0
Venezuela,VEN,2002,82.0,79.0
Venezuela,VEN,2003,82.0,79.0
Venezuela,VEN,2004,81.0,79.0
Venezuela,VEN,2005,83.0,79.0
Venezuela,VEN,2006,82.0,79.0
Venezuela,VEN,2007,82.0,79.0
Venezuela,VEN,2008,83.0,79.0
Venezuela,VEN,2009,84.0,79.0
Venezuela,VEN,2010,82.0,79.0
Venezuela,VEN,2011,80.0,79.0
Venezuela,VEN,2012,82.0,80.0
Venezuela,VEN,2013,81.0,80.0
Venezuela,VEN,2014,80.0,80.0
Venezuela,VEN,2015,83.0,79.0
Venezuela,VEN,2016,82.0,78.0
Venezuela,VEN,2017,82.0,77.0
Venezuela,VEN,2018,84.0,77.0
Venezuela,VEN,2019,81.0,79.0
Vietnam,VNM,2002,92.0,42.0
Vietnam,VNM,2003,92.0,41.0
Vietnam,VNM,2004,92.0,44.0
Vietnam,VNM,2005,92.0,43.0
Vietnam,VNM,2006,92.0,45.0
Vietnam,VNM,2007,91.0,45.0
Vietnam,VNM,2008,92.0,46.0
Vietnam,VNM,2009,92.0,47.0
Vietnam,VNM,2010,92.0,48.0
Vietnam,VNM,2011,93.0,50.0
Vietnam,VNM,2012,91.0,52.0
Vietnam,VNM,2013,89.0,53.0
Vietnam,VNM,2014,91.0,54.0
Vietnam,VNM,2015,92.0,55.0
Vietnam,VNM,2016,92.0,57.0
Vietnam,VNM,2017,92.0,58.0
Vietnam,VNM,2018,91.0,58.0
Vietnam,VNM,2019,91.0,61.0
Yemen,YEM,2000,72.0,63.0
Yemen,YEM,2001,76.0,62.0
Yemen,YEM,2002,80.0,58.0
Yemen,YEM,2003,82.0,54.0
Yemen,YEM,2004,82.0,55.0
Yemen,YEM,2005,80.0,53.0
Yemen,YEM,2006,83.0,53.0
Yemen,YEM,2007,84.0,56.0
Yemen,YEM,2008,85.0,59.0
Yemen,YEM,2009,88.0,64.0
Yemen,YEM,2010,87.0,69.0
Yemen,YEM,2011,89.0,68.0
Yemen,YEM,2012,88.0,78.0
Yemen,YEM,2013,90.0,80.0
Yemen,YEM,2014,86.0,72.0
Yemen,YEM,2015,87.0,56.0
Yemen,YEM,2016,89.0,67.0
Yemen,YEM,2017,89.0,67.0
Yemen,YEM,2018,88.0,66.0
Yemen,YEM,2019,85.0,68.0
Zambia,ZMB,2000,67.0,66.0
Zambia,ZMB,2001,74.0,62.0
Zambia,ZMB,2002,80.0,74.0
Zambia,ZMB,2003,75.0,80.0
Zambia,ZMB,2004,83.0,77.0
Zambia,ZMB,2005,86.0,71.0
Zambia,ZMB,2006,84.0,69.0
Zambia,ZMB,2007,83.0,67.0
Zambia,ZMB,2008,85.0,64.0
Zambia,ZMB,2009,90.0,66.0
Zambia,ZMB,2010,89.0,65.0
Zambia,ZMB,2011,88.0,64.0
Zambia,ZMB,2012,85.0,61.0
Zambia,ZMB,2013,85.0,61.0
Zambia,ZMB,2014,85.0,59.0
Zambia,ZMB,2015,85.0,58.0
Zambia,ZMB,2016,88.0,61.0
Zambia,ZMB,2017,90.0,58.0
Zambia,ZMB,2018,90.0,57.0
Zambia,ZMB,2019,89.0,59.0
Zimbabwe,ZWE,2000,69.0,71.0
Zimbabwe,ZWE,2001,71.0,77.0
Zimbabwe,ZWE,2002,67.0,80.0
Zimbabwe,ZWE,2003,66.0,77.0
Zimbabwe,ZWE,2004,48.0,76.0
Zimbabwe,ZWE,2005,66.0,70.0
Zimbabwe,ZWE,2006,67.0,64.0
Zimbabwe,ZWE,2007,78.0,61.0
Zimbabwe,ZWE,2008,70.0,60.0
Zimbabwe,ZWE,2009,75.0,75.0
Zimbabwe,ZWE,2010,76.0,83.0
Zimbabwe,ZWE,2011,80.0,77.0
Zimbabwe,ZWE,2012,81.0,76.0
Zimbabwe,ZWE,2013,80.0,80.0
Zimbabwe,ZWE,2014,81.0,77.0
Zimbabwe,ZWE,2015,81.0,79.0
Zimbabwe,ZWE,2016,81.0,79.0
Zimbabwe,ZWE,2017,83.0,79.0
Zimbabwe,ZWE,2018,84.0,80.0
Zimbabwe,ZWE,2019,84.0,69.0
